"IDBANK","dernière mise à jour","Zone géographique","﻿Unité","﻿﻿﻿Indicateur","Types d'indicateurs pour le tourisme","Périodicité","Puissance","Pays de résidence des touristes","Correction","Nature"
"001771335","07/02/2017 12:00","D84","SO","NUITEES_CAMPING","CPG-NUITOT-ENS","A","3","SO","BRUT","VALEUR_ABSOLUE"
"001771286","07/02/2017 12:00","D35","SO","NUITEES_CAMPING","CPG-NUITOT-ENS","A","3","SO","BRUT","VALEUR_ABSOLUE"
"001771300","07/02/2017 12:00","D49","SO","NUITEES_CAMPING","CPG-NUITOT-ENS","A","3","SO","BRUT","VALEUR_ABSOLUE"
"001786590","22/06/2017 11:47","R93","SO","NUITEES_AHCT","AHCT-NUITOT","A","3","SO","BRUT","VALEUR_ABSOLUE"
"001786494","07/02/2017 12:00","D86","SO","NUITEES_CAMPING","NUITEES_ETR","A","3","SO","BRUT","VALEUR_ABSOLUE"
"001771337","07/02/2017 12:00","D86","SO","NUITEES_CAMPING","CPG-NUITOT-ENS","A","3","SO","BRUT","VALEUR_ABSOLUE"
"001771791","16/03/2017 12:00","D38","SO","NUITEES_HOTEL","HOT-NUITOT_ENS","A","3","SO","BRUT","VALEUR_ABSOLUE"
"001771769","16/03/2017 12:00","D17","SO","NUITEES_HOTEL","HOT-NUITOT_ENS","A","3","SO","BRUT","VALEUR_ABSOLUE"
"001739020","16/11/2016 12:00","R28","SO","ARRIVEES_CAMPING","ARRIVEES","M","3","FR","BRUT","VALEUR_ABSOLUE"
"001757969","16/03/2017 12:00","R27","SO","NUITEES_HOTEL","HOT-NUITOT_ENS","A","3","SO","BRUT","VALEUR_ABSOLUE"
"001771269","07/02/2017 12:00","D19","SO","NUITEES_CAMPING","CPG-NUITOT-ENS","A","3","SO","BRUT","VALEUR_ABSOLUE"
"001739010","05/05/2017 12:00","R28","SO","NUITEES_HOTEL","NUITEES","M","3","ENS","BRUT","VALEUR_ABSOLUE"
"001771267","07/02/2017 12:00","D17","SO","NUITEES_CAMPING","CPG-NUITOT-ENS","A","3","SO","BRUT","VALEUR_ABSOLUE"
"001711242","16/11/2016 12:00","R25","SO","ARRIVEES_CAMPING","ARRIVEES","M","3","ENS","BRUT","VALEUR_ABSOLUE"
"001711231","16/11/2016 12:00","R73","SO","NUITEES_CAMPING","NUITEES","M","3","ETR","BRUT","VALEUR_ABSOLUE"
"001739042","16/11/2016 12:00","R44","SO","ARRIVEES_CAMPING","ARRIVEES","M","3","ENS","BRUT","VALEUR_ABSOLUE"
"001759989","07/02/2017 12:00","R28","SO","NUITEES_CAMPING","CPG-NUITOT-ENS","A","3","SO","BRUT","VALEUR_ABSOLUE"
"001771775","16/03/2017 12:00","D24","SO","NUITEES_HOTEL","HOT-NUITOT_ENS","A","3","SO","BRUT","VALEUR_ABSOLUE"
"001771264","07/02/2017 12:00","D14","SO","NUITEES_CAMPING","CPG-NUITOT-ENS","A","3","SO","BRUT","VALEUR_ABSOLUE"
"001739028","16/11/2016 12:00","R32","SO","NUITEES_CAMPING","NUITEES","M","3","FR","BRUT","VALEUR_ABSOLUE"
"001711286","16/11/2016 12:00","R42","SO","ARRIVEES_CAMPING","ARRIVEES","M","3","ETR","BRUT","VALEUR_ABSOLUE"
"001786275","16/03/2017 12:00","R28","SO","NUITEES_HOTEL","NUITEES_ETR","A","3","SO","BRUT","VALEUR_ABSOLUE"
"001759664","07/02/2017 12:00","R84","SO","NUITEES_CAMPING","CPG-NUITOT-ENS","A","3","SO","BRUT","VALEUR_ABSOLUE"
"001786564","22/06/2017 11:47","R94","SO","NUITEES_AHCT","AHCT-NUITOT","A","3","SO","BRUT","VALEUR_ABSOLUE"
"001739011","05/05/2017 12:00","R28","SO","NUITEES_HOTEL","NUITEES","M","3","FR","BRUT","VALEUR_ABSOLUE"
"001711155","05/05/2017 12:00","R94","SO","ARRIVEES_HOTEL","ARRIVEES","M","3","ETR","BRUT","VALEUR_ABSOLUE"
"001711060","05/05/2017 12:00","R26","SO","NUITEES_HOTEL","NUITEES","M","3","FR","BRUT","VALEUR_ABSOLUE"
"001786287","16/03/2017 12:00","D06","SO","NUITEES_HOTEL","NUITEES_ETR","A","3","SO","BRUT","VALEUR_ABSOLUE"
"001786362","16/03/2017 12:00","D80","SO","NUITEES_HOTEL","NUITEES_ETR","A","3","SO","BRUT","VALEUR_ABSOLUE"
"001739003","05/05/2017 12:00","R27","SO","ARRIVEES_HOTEL","ARRIVEES","M","3","ETR","BRUT","VALEUR_ABSOLUE"
"001711092","05/05/2017 12:00","R41","SO","NUITEES_HOTEL","NUITEES","M","3","ETR","BRUT","VALEUR_ABSOLUE"
"001739023","05/05/2017 12:00","R32","SO","NUITEES_HOTEL","NUITEES","M","3","FR","BRUT","VALEUR_ABSOLUE"
"001786313","16/03/2017 12:00","D31","SO","NUITEES_HOTEL","NUITEES_ETR","A","3","SO","BRUT","VALEUR_ABSOLUE"
"001771758","16/03/2017 12:00","D06","SO","NUITEES_HOTEL","HOT-NUITOT_ENS","A","3","SO","BRUT","VALEUR_ABSOLUE"
"001786363","16/03/2017 12:00","D81","SO","NUITEES_HOTEL","NUITEES_ETR","A","3","SO","BRUT","VALEUR_ABSOLUE"
"001739075","16/11/2016 12:00","R84","SO","NUITEES_CAMPING","NUITEES","M","3","ENS","BRUT","VALEUR_ABSOLUE"
"001786487","07/02/2017 12:00","D79","SO","NUITEES_CAMPING","NUITEES_ETR","A","3","SO","BRUT","VALEUR_ABSOLUE"
"001786343","16/03/2017 12:00","D61","SO","NUITEES_HOTEL","NUITEES_ETR","A","3","SO","BRUT","VALEUR_ABSOLUE"
"001786263","16/03/2017 12:00","R52","SO","NUITEES_HOTEL","NUITEES_ETR","A","3","SO","BRUT","VALEUR_ABSOLUE"
"001771836","16/03/2017 12:00","D83","SO","NUITEES_HOTEL","HOT-NUITOT_ENS","A","3","SO","BRUT","VALEUR_ABSOLUE"
"001739032","16/11/2016 12:00","R32","SO","ARRIVEES_CAMPING","ARRIVEES","M","3","ETR","BRUT","VALEUR_ABSOLUE"
"001786252","16/03/2017 12:00","R11","SO","NUITEES_HOTEL","NUITEES_ETR","A","3","SO","BRUT","VALEUR_ABSOLUE"
"001771341","31/01/2017 12:00","D90","SO","NUITEES_CAMPING","CPG-NUITOT-ENS","A","3","SO","BRUT","VALEUR_ABSOLUE"
"001786344","16/03/2017 12:00","D62","SO","NUITEES_HOTEL","NUITEES_ETR","A","3","SO","BRUT","VALEUR_ABSOLUE"
"001711274","16/11/2016 12:00","R91","SO","ARRIVEES_CAMPING","ARRIVEES","M","3","FR","BRUT","VALEUR_ABSOLUE"
"001739048","05/05/2017 12:00","R75","SO","ARRIVEES_HOTEL","ARRIVEES","M","3","ENS","BRUT","VALEUR_ABSOLUE"
"001771830","16/03/2017 12:00","D77","SO","NUITEES_HOTEL","HOT-NUITOT_ENS","A","3","SO","BRUT","VALEUR_ABSOLUE"
"001786337","16/03/2017 12:00","D55","SO","NUITEES_HOTEL","NUITEES_ETR","A","3","SO","BRUT","VALEUR_ABSOLUE"
"001739063","16/11/2016 12:00","R76","SO","NUITEES_CAMPING","NUITEES","M","3","ENS","BRUT","VALEUR_ABSOLUE"
"001786495","07/02/2017 12:00","D95","SO","NUITEES_CAMPING","NUITEES_ETR","A","3","SO","BRUT","VALEUR_ABSOLUE"
"001711094","05/05/2017 12:00","R31","SO","NUITEES_HOTEL","NUITEES","M","3","ETR","BRUT","VALEUR_ABSOLUE"
"001771314","07/02/2017 12:00","D63","SO","NUITEES_CAMPING","CPG-NUITOT-ENS","A","3","SO","BRUT","VALEUR_ABSOLUE"
"001711104","05/05/2017 12:00","R25","SO","ARRIVEES_HOTEL","ARRIVEES","M","3","ENS","BRUT","VALEUR_ABSOLUE"
"001711141","05/05/2017 12:00","R52","SO","ARRIVEES_HOTEL","ARRIVEES","M","3","FR","BRUT","VALEUR_ABSOLUE"
"001739072","05/05/2017 12:00","R84","SO","ARRIVEES_HOTEL","ARRIVEES","M","3","ENS","BRUT","VALEUR_ABSOLUE"
"001711159","05/05/2017 12:00","R91","SO","ARRIVEES_HOTEL","ARRIVEES","M","3","ETR","BRUT","VALEUR_ABSOLUE"
"001711051","05/05/2017 12:00","R54","SO","NUITEES_HOTEL","NUITEES","M","3","ENS","BRUT","VALEUR_ABSOLUE"
"001786613","22/06/2017 11:47","R75","SO","NUITEES_RTRH","RES-NUITOT","A","3","SO","BRUT","VALEUR_ABSOLUE"
"001771826","16/03/2017 12:00","D73","SO","NUITEES_HOTEL","HOT-NUITOT_ENS","A","3","SO","BRUT","VALEUR_ABSOLUE"
"001786480","07/02/2017 12:00","D72","SO","NUITEES_CAMPING","NUITEES_ETR","A","3","SO","BRUT","VALEUR_ABSOLUE"
"001771840","16/03/2017 12:00","D87","SO","NUITEES_HOTEL","HOT-NUITOT_ENS","A","3","SO","BRUT","VALEUR_ABSOLUE"
"001711275","16/11/2016 12:00","R74","SO","ARRIVEES_CAMPING","ARRIVEES","M","3","FR","BRUT","VALEUR_ABSOLUE"
"001711128","05/05/2017 12:00","R26","SO","ARRIVEES_HOTEL","ARRIVEES","M","3","FR","BRUT","VALEUR_ABSOLUE"
"001711189","16/11/2016 12:00","R54","SO","NUITEES_CAMPING","NUITEES","M","3","ENS","BRUT","VALEUR_ABSOLUE"
"001771284","07/02/2017 12:00","D33","SO","NUITEES_CAMPING","CPG-NUITOT-ENS","A","3","SO","BRUT","VALEUR_ABSOLUE"
"001711273","16/11/2016 12:00","R11","SO","ARRIVEES_CAMPING","ARRIVEES","M","3","FR","BRUT","VALEUR_ABSOLUE"
"001771292","07/02/2017 12:00","D41","SO","NUITEES_CAMPING","CPG-NUITOT-ENS","A","3","SO","BRUT","VALEUR_ABSOLUE"
"001759667","07/02/2017 12:00","R94","SO","NUITEES_CAMPING","CPG-NUITOT-ENS","A","3","SO","BRUT","VALEUR_ABSOLUE"
"001786571","22/06/2017 11:47","R28","SO","NUITEES_AHCT","AHCT-NUITOT","A","3","SO","BRUT","VALEUR_ABSOLUE"
"001711032","05/05/2017 12:00","R42","SO","NUITEES_HOTEL","NUITEES","M","3","ENS","BRUT","VALEUR_ABSOLUE"
"001711103","05/05/2017 12:00","R83","SO","ARRIVEES_HOTEL","ARRIVEES","M","3","ENS","BRUT","VALEUR_ABSOLUE"
"001786294","16/03/2017 12:00","D13","SO","NUITEES_HOTEL","NUITEES_ETR","A","3","SO","BRUT","VALEUR_ABSOLUE"
"001771832","16/03/2017 12:00","D79","SO","NUITEES_HOTEL","HOT-NUITOT_ENS","A","3","SO","BRUT","VALEUR_ABSOLUE"
"001771294","07/02/2017 12:00","D43","SO","NUITEES_CAMPING","CPG-NUITOT-ENS","A","3","SO","BRUT","VALEUR_ABSOLUE"
"001771820","16/03/2017 12:00","D67","SO","NUITEES_HOTEL","HOT-NUITOT_ENS","A","3","SO","BRUT","VALEUR_ABSOLUE"
"001711204","16/11/2016 12:00","R11","SO","NUITEES_CAMPING","NUITEES","M","3","FR","BRUT","VALEUR_ABSOLUE"
"001771272","07/02/2017 12:00","D2B","SO","NUITEES_CAMPING","CPG-NUITOT-ENS","A","3","SO","BRUT","VALEUR_ABSOLUE"
"001711111","05/05/2017 12:00","R23","SO","ARRIVEES_HOTEL","ARRIVEES","M","3","ENS","BRUT","VALEUR_ABSOLUE"
"001786302","16/03/2017 12:00","D2B","SO","NUITEES_HOTEL","NUITEES_ETR","A","3","SO","BRUT","VALEUR_ABSOLUE"
"001771324","07/02/2017 12:00","D73","SO","NUITEES_CAMPING","CPG-NUITOT-ENS","A","3","SO","BRUT","VALEUR_ABSOLUE"
"001771783","16/03/2017 12:00","D30","SO","NUITEES_HOTEL","HOT-NUITOT_ENS","A","3","SO","BRUT","VALEUR_ABSOLUE"
"001771825","16/03/2017 12:00","D72","SO","NUITEES_HOTEL","HOT-NUITOT_ENS","A","3","SO","BRUT","VALEUR_ABSOLUE"
"001711245","16/11/2016 12:00","R24","SO","ARRIVEES_CAMPING","ARRIVEES","M","3","ENS","BRUT","VALEUR_ABSOLUE"
"001786491","07/02/2017 12:00","D83","SO","NUITEES_CAMPING","NUITEES_ETR","A","3","SO","BRUT","VALEUR_ABSOLUE"
"001771823","16/03/2017 12:00","D70","SO","NUITEES_HOTEL","HOT-NUITOT_ENS","A","3","SO","BRUT","VALEUR_ABSOLUE"
"001711108","05/05/2017 12:00","R21","SO","ARRIVEES_HOTEL","ARRIVEES","M","3","ENS","BRUT","VALEUR_ABSOLUE"
"001771327","07/02/2017 12:00","D76","SO","NUITEES_CAMPING","CPG-NUITOT-ENS","A","3","SO","BRUT","VALEUR_ABSOLUE"
"001786619","22/06/2017 11:47","R93","SO","NUITEES_RTRH","RES-NUITOT","A","3","SO","BRUT","VALEUR_ABSOLUE"
"001786325","16/03/2017 12:00","D43","SO","NUITEES_HOTEL","NUITEES_ETR","A","3","SO","BRUT","VALEUR_ABSOLUE"
"001711259","16/11/2016 12:00","R93","SO","ARRIVEES_CAMPING","ARRIVEES","M","3","ENS","BRUT","VALEUR_ABSOLUE"
"001786446","07/02/2017 12:00","D38","SO","NUITEES_CAMPING","NUITEES_ETR","A","3","SO","BRUT","VALEUR_ABSOLUE"
"001771293","07/02/2017 12:00","D42","SO","NUITEES_CAMPING","CPG-NUITOT-ENS","A","3","SO","BRUT","VALEUR_ABSOLUE"
"001711061","05/05/2017 12:00","R53","SO","NUITEES_HOTEL","NUITEES","M","3","FR","BRUT","VALEUR_ABSOLUE"
"001786489","07/02/2017 12:00","D81","SO","NUITEES_CAMPING","NUITEES_ETR","A","3","SO","BRUT","VALEUR_ABSOLUE"
"001711243","16/11/2016 12:00","R26","SO","ARRIVEES_CAMPING","ARRIVEES","M","3","ENS","BRUT","VALEUR_ABSOLUE"
"001711278","16/11/2016 12:00","R31","SO","ARRIVEES_CAMPING","ARRIVEES","M","3","FR","BRUT","VALEUR_ABSOLUE"
"001786417","07/02/2017 12:00","D10","SO","NUITEES_CAMPING","NUITEES_ETR","A","3","SO","BRUT","VALEUR_ABSOLUE"
"001711115","05/05/2017 12:00","R41","SO","ARRIVEES_HOTEL","ARRIVEES","M","3","ENS","BRUT","VALEUR_ABSOLUE"
"001771818","16/03/2017 12:00","D65","SO","NUITEES_HOTEL","HOT-NUITOT_ENS","A","3","SO","BRUT","VALEUR_ABSOLUE"
"001771320","07/02/2017 12:00","D69","SO","NUITEES_CAMPING","CPG-NUITOT-ENS","A","3","SO","BRUT","VALEUR_ABSOLUE"
"001771253","07/02/2017 12:00","D03","SO","NUITEES_CAMPING","CPG-NUITOT-ENS","A","3","SO","BRUT","VALEUR_ABSOLUE"
"001771846","16/03/2017 12:00","D93","SO","NUITEES_HOTEL","HOT-NUITOT_ENS","A","3","SO","BRUT","VALEUR_ABSOLUE"
"001786390","07/02/2017 12:00","R53","SO","NUITEES_CAMPING","NUITEES_ETR","A","3","SO","BRUT","VALEUR_ABSOLUE"
"001711160","05/05/2017 12:00","R74","SO","ARRIVEES_HOTEL","ARRIVEES","M","3","ETR","BRUT","VALEUR_ABSOLUE"
"001786334","21/04/2017 12:00","D52","SO","NUITEES_HOTEL","NUITEES_ETR","A","3","SO","BRUT","VALEUR_ABSOLUE"
"001786585","22/06/2017 11:47","R76","SO","NUITEES_AHCT","AHCT-NUITOT","A","3","SO","BRUT","VALEUR_ABSOLUE"
"001771805","16/03/2017 12:00","D52","SO","NUITEES_HOTEL","HOT-NUITOT_ENS","A","3","SO","BRUT","VALEUR_ABSOLUE"
"001711222","16/11/2016 12:00","R24","SO","NUITEES_CAMPING","NUITEES","M","3","ETR","BRUT","VALEUR_ABSOLUE"
"001786352","16/03/2017 12:00","D70","SO","NUITEES_HOTEL","NUITEES_ETR","A","3","SO","BRUT","VALEUR_ABSOLUE"
"001786319","16/03/2017 12:00","D37","SO","NUITEES_HOTEL","NUITEES_ETR","A","3","SO","BRUT","VALEUR_ABSOLUE"
"001771255","07/02/2017 12:00","D05","SO","NUITEES_CAMPING","CPG-NUITOT-ENS","A","3","SO","BRUT","VALEUR_ABSOLUE"
"001771808","16/03/2017 12:00","D55","SO","NUITEES_HOTEL","HOT-NUITOT_ENS","A","3","SO","BRUT","VALEUR_ABSOLUE"
"001786434","07/02/2017 12:00","D26","SO","NUITEES_CAMPING","NUITEES_ETR","A","3","SO","BRUT","VALEUR_ABSOLUE"
"001786588","22/06/2017 11:47","R84","SO","NUITEES_AHCT","AHCT-NUITOT","A","3","SO","BRUT","VALEUR_ABSOLUE"
"001717315","05/05/2017 12:00","FE","SO","ARRIVEES_HOTEL","ARRIVEES","M","3","FR","BRUT","VALEUR_ABSOLUE"
"001771824","16/03/2017 12:00","D71","SO","NUITEES_HOTEL","HOT-NUITOT_ENS","A","3","SO","BRUT","VALEUR_ABSOLUE"
"001711238","07/02/2017 12:00","FM","SO","NUITEES_CAMPING","NUITEES","M","3","ETR","BRUT","VALEUR_ABSOLUE"
"001771338","07/02/2017 12:00","D87","SO","NUITEES_CAMPING","CPG-NUITOT-ENS","A","3","SO","BRUT","VALEUR_ABSOLUE"
"001786373","16/03/2017 12:00","D91","SO","NUITEES_HOTEL","NUITEES_ETR","A","3","SO","BRUT","VALEUR_ABSOLUE"
"001771312","07/02/2017 12:00","D61","SO","NUITEES_CAMPING","CPG-NUITOT-ENS","A","3","SO","BRUT","VALEUR_ABSOLUE"
"001771297","07/02/2017 12:00","D46","SO","NUITEES_CAMPING","CPG-NUITOT-ENS","A","3","SO","BRUT","VALEUR_ABSOLUE"
"001786295","16/03/2017 12:00","D14","SO","NUITEES_HOTEL","NUITEES_ETR","A","3","SO","BRUT","VALEUR_ABSOLUE"
"001786292","16/03/2017 12:00","D11","SO","NUITEES_HOTEL","NUITEES_ETR","A","3","SO","BRUT","VALEUR_ABSOLUE"
"001786316","16/03/2017 12:00","D34","SO","NUITEES_HOTEL","NUITEES_ETR","A","3","SO","BRUT","VALEUR_ABSOLUE"
"001786467","07/02/2017 12:00","D59","SO","NUITEES_CAMPING","NUITEES_ETR","A","3","SO","BRUT","VALEUR_ABSOLUE"
"001739060","05/05/2017 12:00","R76","SO","ARRIVEES_HOTEL","ARRIVEES","M","3","ENS","BRUT","VALEUR_ABSOLUE"
"001786349","16/03/2017 12:00","D67","SO","NUITEES_HOTEL","NUITEES_ETR","A","3","SO","BRUT","VALEUR_ABSOLUE"
"001711114","05/05/2017 12:00","R74","SO","ARRIVEES_HOTEL","ARRIVEES","M","3","ENS","BRUT","VALEUR_ABSOLUE"
"001711171","16/11/2016 12:00","R72","SO","NUITEES_CAMPING","NUITEES","M","3","ENS","BRUT","VALEUR_ABSOLUE"
"001711183","16/11/2016 12:00","R74","SO","NUITEES_CAMPING","NUITEES","M","3","ENS","BRUT","VALEUR_ABSOLUE"
"001786486","07/02/2017 12:00","D78","SO","NUITEES_CAMPING","NUITEES_ETR","A","3","SO","BRUT","VALEUR_ABSOLUE"
"001786475","07/02/2017 12:00","D67","SO","NUITEES_CAMPING","NUITEES_ETR","A","3","SO","BRUT","VALEUR_ABSOLUE"
"001786617","22/06/2017 11:47","R84","SO","NUITEES_RTRH","RES-NUITOT","A","3","SO","BRUT","VALEUR_ABSOLUE"
"001739049","05/05/2017 12:00","R75","SO","ARRIVEES_HOTEL","ARRIVEES","M","3","FR","BRUT","VALEUR_ABSOLUE"
"001711292","16/11/2016 12:00","R21","SO","ARRIVEES_CAMPING","ARRIVEES","M","3","ETR","BRUT","VALEUR_ABSOLUE"
"001771283","07/02/2017 12:00","D32","SO","NUITEES_CAMPING","CPG-NUITOT-ENS","A","3","SO","BRUT","VALEUR_ABSOLUE"
"001771328","07/02/2017 12:00","D77","SO","NUITEES_CAMPING","CPG-NUITOT-ENS","A","3","SO","BRUT","VALEUR_ABSOLUE"
"001786332","16/03/2017 12:00","D50","SO","NUITEES_HOTEL","NUITEES_ETR","A","3","SO","BRUT","VALEUR_ABSOLUE"
"001786620","22/06/2017 11:47","R94","SO","NUITEES_RTRH","RES-NUITOT","A","3","SO","BRUT","VALEUR_ABSOLUE"
"001786365","16/03/2017 12:00","D83","SO","NUITEES_HOTEL","NUITEES_ETR","A","3","SO","BRUT","VALEUR_ABSOLUE"
"001771275","07/02/2017 12:00","D23","SO","NUITEES_CAMPING","CPG-NUITOT-ENS","A","3","SO","BRUT","VALEUR_ABSOLUE"
"001771321","07/02/2017 12:00","D70","SO","NUITEES_CAMPING","CPG-NUITOT-ENS","A","3","SO","BRUT","VALEUR_ABSOLUE"
"001711168","05/05/2017 12:00","R82","SO","ARRIVEES_HOTEL","ARRIVEES","M","3","ETR","BRUT","VALEUR_ABSOLUE"
"001711095","05/05/2017 12:00","R52","SO","NUITEES_HOTEL","NUITEES","M","3","ETR","BRUT","VALEUR_ABSOLUE"
"001711298","16/11/2016 12:00","R74","SO","ARRIVEES_CAMPING","ARRIVEES","M","3","ETR","BRUT","VALEUR_ABSOLUE"
"001711260","16/11/2016 12:00","R82","SO","ARRIVEES_CAMPING","ARRIVEES","M","3","ENS","BRUT","VALEUR_ABSOLUE"
"001786428","07/02/2017 12:00","D2B","SO","NUITEES_CAMPING","NUITEES_ETR","A","3","SO","BRUT","VALEUR_ABSOLUE"
"001739033","05/05/2017 12:00","R44","SO","NUITEES_HOTEL","NUITEES","M","3","ENS","BRUT","VALEUR_ABSOLUE"
"001757973","16/03/2017 12:00","R76","SO","NUITEES_HOTEL","HOT-NUITOT_ENS","A","3","SO","BRUT","VALEUR_ABSOLUE"
"001771786","16/03/2017 12:00","D32","SO","NUITEES_HOTEL","HOT-NUITOT_ENS","A","3","SO","BRUT","VALEUR_ABSOLUE"
"001786369","16/03/2017 12:00","D87","SO","NUITEES_HOTEL","NUITEES_ETR","A","3","SO","BRUT","VALEUR_ABSOLUE"
"001717231","05/05/2017 12:00","D971","SO","NUITEES_HOTEL","NUITEES","M","3","ENS","BRUT","VALEUR_ABSOLUE"
"001786453","07/02/2017 12:00","D45","SO","NUITEES_CAMPING","NUITEES_ETR","A","3","SO","BRUT","VALEUR_ABSOLUE"
"001786457","07/02/2017 12:00","D49","SO","NUITEES_CAMPING","NUITEES_ETR","A","3","SO","BRUT","VALEUR_ABSOLUE"
"001711285","07/02/2017 12:00","FM","SO","ARRIVEES_CAMPING","ARRIVEES","M","3","FR","BRUT","VALEUR_ABSOLUE"
"001771843","16/03/2017 12:00","D90","SO","NUITEES_HOTEL","HOT-NUITOT_ENS","A","3","SO","BRUT","VALEUR_ABSOLUE"
"001711041","05/05/2017 12:00","R43","SO","NUITEES_HOTEL","NUITEES","M","3","ENS","BRUT","VALEUR_ABSOLUE"
"001739002","05/05/2017 12:00","R27","SO","ARRIVEES_HOTEL","ARRIVEES","M","3","FR","BRUT","VALEUR_ABSOLUE"
"001739019","16/11/2016 12:00","R28","SO","ARRIVEES_CAMPING","ARRIVEES","M","3","ENS","BRUT","VALEUR_ABSOLUE"
"001771319","07/02/2017 12:00","D68","SO","NUITEES_CAMPING","CPG-NUITOT-ENS","A","3","SO","BRUT","VALEUR_ABSOLUE"
"001786573","22/06/2017 11:47","R32","SO","NUITEES_AHCT","AHCT-NUITOT","A","3","SO","BRUT","VALEUR_ABSOLUE"
"001711257","16/11/2016 12:00","R22","SO","ARRIVEES_CAMPING","ARRIVEES","M","3","ENS","BRUT","VALEUR_ABSOLUE"
"001786430","07/02/2017 12:00","D22","SO","NUITEES_CAMPING","NUITEES_ETR","A","3","SO","BRUT","VALEUR_ABSOLUE"
"001759644","07/02/2017 12:00","R24","SO","NUITEES_CAMPING","CPG-NUITOT-ENS","A","3","SO","BRUT","VALEUR_ABSOLUE"
"001771776","16/03/2017 12:00","D25","SO","NUITEES_HOTEL","HOT-NUITOT_ENS","A","3","SO","BRUT","VALEUR_ABSOLUE"
"001717320","05/05/2017 12:00","FE","SO","NUITEES_HOTEL","NUITEES","M","3","ETR","BRUT","VALEUR_ABSOLUE"
"001786439","07/02/2017 12:00","D31","SO","NUITEES_CAMPING","NUITEES_ETR","A","3","SO","BRUT","VALEUR_ABSOLUE"
"001786405","07/02/2017 12:00","R76","SO","NUITEES_CAMPING","NUITEES_ETR","A","3","SO","BRUT","VALEUR_ABSOLUE"
"001759977","16/03/2017 12:00","R28","SO","NUITEES_HOTEL","HOT-NUITOT_ENS","A","3","SO","BRUT","VALEUR_ABSOLUE"
"001711225","16/11/2016 12:00","R43","SO","NUITEES_CAMPING","NUITEES","M","3","ETR","BRUT","VALEUR_ABSOLUE"
"001711223","16/11/2016 12:00","R21","SO","NUITEES_CAMPING","NUITEES","M","3","ETR","BRUT","VALEUR_ABSOLUE"
"001711279","16/11/2016 12:00","R52","SO","ARRIVEES_CAMPING","ARRIVEES","M","3","FR","BRUT","VALEUR_ABSOLUE"
"001786465","07/02/2017 12:00","D57","SO","NUITEES_CAMPING","NUITEES_ETR","A","3","SO","BRUT","VALEUR_ABSOLUE"
"001786298","16/03/2017 12:00","D17","SO","NUITEES_HOTEL","NUITEES_ETR","A","3","SO","BRUT","VALEUR_ABSOLUE"
"001786596","22/06/2017 11:47","R24","SO","NUITEES_RTRH","RES-NUITOT","A","3","SO","BRUT","VALEUR_ABSOLUE"
"001711122","05/05/2017 12:00","R82","SO","ARRIVEES_HOTEL","ARRIVEES","M","3","ENS","BRUT","VALEUR_ABSOLUE"
"001739067","16/11/2016 12:00","R76","SO","ARRIVEES_CAMPING","ARRIVEES","M","3","FR","BRUT","VALEUR_ABSOLUE"
"001786456","07/02/2017 12:00","D48","SO","NUITEES_CAMPING","NUITEES_ETR","A","3","SO","BRUT","VALEUR_ABSOLUE"
"001739070","05/05/2017 12:00","R84","SO","NUITEES_HOTEL","NUITEES","M","3","FR","BRUT","VALEUR_ABSOLUE"
"001771329","07/02/2017 12:00","D78","SO","NUITEES_CAMPING","CPG-NUITOT-ENS","A","3","SO","BRUT","VALEUR_ABSOLUE"
"001771780","16/03/2017 12:00","D29","SO","NUITEES_HOTEL","HOT-NUITOT_ENS","A","3","SO","BRUT","VALEUR_ABSOLUE"
"001711206","16/11/2016 12:00","R74","SO","NUITEES_CAMPING","NUITEES","M","3","FR","BRUT","VALEUR_ABSOLUE"
"001711113","05/05/2017 12:00","R91","SO","ARRIVEES_HOTEL","ARRIVEES","M","3","ENS","BRUT","VALEUR_ABSOLUE"
"001786306","16/03/2017 12:00","D24","SO","NUITEES_HOTEL","NUITEES_ETR","A","3","SO","BRUT","VALEUR_ABSOLUE"
"001786401","07/02/2017 12:00","R28","SO","NUITEES_CAMPING","NUITEES_ETR","A","3","SO","BRUT","VALEUR_ABSOLUE"
"001711305","16/11/2016 12:00","R93","SO","ARRIVEES_CAMPING","ARRIVEES","M","3","ETR","BRUT","VALEUR_ABSOLUE"
"001711203","16/11/2016 12:00","R23","SO","NUITEES_CAMPING","NUITEES","M","3","FR","BRUT","VALEUR_ABSOLUE"
"001786311","16/03/2017 12:00","D29","SO","NUITEES_HOTEL","NUITEES_ETR","A","3","SO","BRUT","VALEUR_ABSOLUE"
"001786323","16/03/2017 12:00","D41","SO","NUITEES_HOTEL","NUITEES_ETR","A","3","SO","BRUT","VALEUR_ABSOLUE"
"001771322","07/02/2017 12:00","D71","SO","NUITEES_CAMPING","CPG-NUITOT-ENS","A","3","SO","BRUT","VALEUR_ABSOLUE"
"001771285","07/02/2017 12:00","D34","SO","NUITEES_CAMPING","CPG-NUITOT-ENS","A","3","SO","BRUT","VALEUR_ABSOLUE"
"001771336","07/02/2017 12:00","D85","SO","NUITEES_CAMPING","CPG-NUITOT-ENS","A","3","SO","BRUT","VALEUR_ABSOLUE"
"001771757","16/03/2017 12:00","D05","SO","NUITEES_HOTEL","HOT-NUITOT_ENS","A","3","SO","BRUT","VALEUR_ABSOLUE"
"001771814","16/03/2017 12:00","D61","SO","NUITEES_HOTEL","HOT-NUITOT_ENS","A","3","SO","BRUT","VALEUR_ABSOLUE"
"001771774","16/03/2017 12:00","D23","SO","NUITEES_HOTEL","HOT-NUITOT_ENS","A","3","SO","BRUT","VALEUR_ABSOLUE"
"001771813","16/03/2017 12:00","D60","SO","NUITEES_HOTEL","HOT-NUITOT_ENS","A","3","SO","BRUT","VALEUR_ABSOLUE"
"001771273","07/02/2017 12:00","D21","SO","NUITEES_CAMPING","CPG-NUITOT-ENS","A","3","SO","BRUT","VALEUR_ABSOLUE"
"001786371","16/03/2017 12:00","D89","SO","NUITEES_HOTEL","NUITEES_ETR","A","3","SO","BRUT","VALEUR_ABSOLUE"
"001711236","16/11/2016 12:00","R93","SO","NUITEES_CAMPING","NUITEES","M","3","ETR","BRUT","VALEUR_ABSOLUE"
"001711049","05/05/2017 12:00","R52","SO","NUITEES_HOTEL","NUITEES","M","3","ENS","BRUT","VALEUR_ABSOLUE"
"001739064","16/11/2016 12:00","R76","SO","NUITEES_CAMPING","NUITEES","M","3","FR","BRUT","VALEUR_ABSOLUE"
"001757972","16/03/2017 12:00","R75","SO","NUITEES_HOTEL","HOT-NUITOT_ENS","A","3","SO","BRUT","VALEUR_ABSOLUE"
"001786485","07/02/2017 12:00","D77","SO","NUITEES_CAMPING","NUITEES_ETR","A","3","SO","BRUT","VALEUR_ABSOLUE"
"001711246","16/11/2016 12:00","R21","SO","ARRIVEES_CAMPING","ARRIVEES","M","3","ENS","BRUT","VALEUR_ABSOLUE"
"001739026","05/05/2017 12:00","R32","SO","ARRIVEES_HOTEL","ARRIVEES","M","3","FR","BRUT","VALEUR_ABSOLUE"
"001711129","05/05/2017 12:00","R53","SO","ARRIVEES_HOTEL","ARRIVEES","M","3","FR","BRUT","VALEUR_ABSOLUE"
"001739071","05/05/2017 12:00","R84","SO","NUITEES_HOTEL","NUITEES","M","3","ETR","BRUT","VALEUR_ABSOLUE"
"001771342","07/02/2017 12:00","D91","SO","NUITEES_CAMPING","CPG-NUITOT-ENS","A","3","SO","BRUT","VALEUR_ABSOLUE"
"001771318","07/02/2017 12:00","D67","SO","NUITEES_CAMPING","CPG-NUITOT-ENS","A","3","SO","BRUT","VALEUR_ABSOLUE"
"001711075","05/05/2017 12:00","R93","SO","NUITEES_HOTEL","NUITEES","M","3","FR","BRUT","VALEUR_ABSOLUE"
"001786301","16/03/2017 12:00","D2A","SO","NUITEES_HOTEL","NUITEES_ETR","A","3","SO","BRUT","VALEUR_ABSOLUE"
"001711301","16/11/2016 12:00","R31","SO","ARRIVEES_CAMPING","ARRIVEES","M","3","ETR","BRUT","VALEUR_ABSOLUE"
"001711088","05/05/2017 12:00","R23","SO","NUITEES_HOTEL","NUITEES","M","3","ETR","BRUT","VALEUR_ABSOLUE"
"001786315","16/03/2017 12:00","D33","SO","NUITEES_HOTEL","NUITEES_ETR","A","3","SO","BRUT","VALEUR_ABSOLUE"
"001786367","21/04/2017 12:00","D85","SO","NUITEES_HOTEL","NUITEES_ETR","A","3","SO","BRUT","VALEUR_ABSOLUE"
"001759653","07/02/2017 12:00","R44","SO","NUITEES_CAMPING","CPG-NUITOT-ENS","A","3","SO","BRUT","VALEUR_ABSOLUE"
"001786327","16/03/2017 12:00","D45","SO","NUITEES_HOTEL","NUITEES_ETR","A","3","SO","BRUT","VALEUR_ABSOLUE"
"001786331","16/03/2017 12:00","D49","SO","NUITEES_HOTEL","NUITEES_ETR","A","3","SO","BRUT","VALEUR_ABSOLUE"
"001771765","16/03/2017 12:00","D13","SO","NUITEES_HOTEL","HOT-NUITOT_ENS","A","3","SO","BRUT","VALEUR_ABSOLUE"
"001711185","16/11/2016 12:00","R73","SO","NUITEES_CAMPING","NUITEES","M","3","ENS","BRUT","VALEUR_ABSOLUE"
"001711299","16/11/2016 12:00","R41","SO","ARRIVEES_CAMPING","ARRIVEES","M","3","ETR","BRUT","VALEUR_ABSOLUE"
"001757971","16/03/2017 12:00","R44","SO","NUITEES_HOTEL","HOT-NUITOT_ENS","A","3","SO","BRUT","VALEUR_ABSOLUE"
"001711191","16/11/2016 12:00","R24","SO","NUITEES_CAMPING","NUITEES","M","3","FR","BRUT","VALEUR_ABSOLUE"
"001771810","16/03/2017 12:00","D57","SO","NUITEES_HOTEL","HOT-NUITOT_ENS","A","3","SO","BRUT","VALEUR_ABSOLUE"
"001711096","05/05/2017 12:00","R22","SO","NUITEES_HOTEL","NUITEES","M","3","ETR","BRUT","VALEUR_ABSOLUE"
"001711295","16/11/2016 12:00","R23","SO","ARRIVEES_CAMPING","ARRIVEES","M","3","ETR","BRUT","VALEUR_ABSOLUE"
"001711211","16/11/2016 12:00","R22","SO","NUITEES_CAMPING","NUITEES","M","3","FR","BRUT","VALEUR_ABSOLUE"
"001771772","16/03/2017 12:00","D21","SO","NUITEES_HOTEL","HOT-NUITOT_ENS","A","3","SO","BRUT","VALEUR_ABSOLUE"
"001711261","07/02/2017 12:00","FM","SO","ARRIVEES_CAMPING","ARRIVEES","M","3","ENS","BRUT","VALEUR_ABSOLUE"
"001786600","22/06/2017 11:47","R28","SO","NUITEES_RTRH","RES-NUITOT","A","3","SO","BRUT","VALEUR_ABSOLUE"
"001739054","16/11/2016 12:00","R75","SO","ARRIVEES_CAMPING","ARRIVEES","M","3","ENS","BRUT","VALEUR_ABSOLUE"
"001786407","07/02/2017 12:00","FM","SO","NUITEES_CAMPING","NUITEES_ETR","A","3","SO","BRUT","VALEUR_ABSOLUE"
"001786256","16/03/2017 12:00","R24","SO","NUITEES_HOTEL","NUITEES_ETR","A","3","SO","BRUT","VALEUR_ABSOLUE"
"001771796","16/03/2017 12:00","D43","SO","NUITEES_HOTEL","HOT-NUITOT_ENS","A","3","SO","BRUT","VALEUR_ABSOLUE"
"001717314","05/05/2017 12:00","FE","SO","ARRIVEES_HOTEL","ARRIVEES","M","3","ETR","BRUT","VALEUR_ABSOLUE"
"001738999","05/05/2017 12:00","R27","SO","NUITEES_HOTEL","NUITEES","M","3","FR","BRUT","VALEUR_ABSOLUE"
"001771759","16/03/2017 12:00","D07","SO","NUITEES_HOTEL","HOT-NUITOT_ENS","A","3","SO","BRUT","VALEUR_ABSOLUE"
"001711266","16/11/2016 12:00","R26","SO","ARRIVEES_CAMPING","ARRIVEES","M","3","FR","BRUT","VALEUR_ABSOLUE"
"001711098","05/05/2017 12:00","R93","SO","NUITEES_HOTEL","NUITEES","M","3","ETR","BRUT","VALEUR_ABSOLUE"
"001711085","05/05/2017 12:00","R21","SO","NUITEES_HOTEL","NUITEES","M","3","ETR","BRUT","VALEUR_ABSOLUE"
"001711264","16/11/2016 12:00","R83","SO","ARRIVEES_CAMPING","ARRIVEES","M","3","FR","BRUT","VALEUR_ABSOLUE"
"001771777","16/03/2017 12:00","D26","SO","NUITEES_HOTEL","HOT-NUITOT_ENS","A","3","SO","BRUT","VALEUR_ABSOLUE"
"001711156","05/05/2017 12:00","R43","SO","ARRIVEES_HOTEL","ARRIVEES","M","3","ETR","BRUT","VALEUR_ABSOLUE"
"001711174","16/11/2016 12:00","R26","SO","NUITEES_CAMPING","NUITEES","M","3","ENS","BRUT","VALEUR_ABSOLUE"
"001739053","16/11/2016 12:00","R75","SO","NUITEES_CAMPING","NUITEES","M","3","ETR","BRUT","VALEUR_ABSOLUE"
"001711271","16/11/2016 12:00","R43","SO","ARRIVEES_CAMPING","ARRIVEES","M","3","FR","BRUT","VALEUR_ABSOLUE"
"001711132","05/05/2017 12:00","R94","SO","ARRIVEES_HOTEL","ARRIVEES","M","3","FR","BRUT","VALEUR_ABSOLUE"
"001786479","07/02/2017 12:00","D71","SO","NUITEES_CAMPING","NUITEES_ETR","A","3","SO","BRUT","VALEUR_ABSOLUE"
"001771306","07/02/2017 12:00","D55","SO","NUITEES_CAMPING","CPG-NUITOT-ENS","A","3","SO","BRUT","VALEUR_ABSOLUE"
"001711097","05/05/2017 12:00","R54","SO","NUITEES_HOTEL","NUITEES","M","3","ETR","BRUT","VALEUR_ABSOLUE"
"001771331","07/02/2017 12:00","D80","SO","NUITEES_CAMPING","CPG-NUITOT-ENS","A","3","SO","BRUT","VALEUR_ABSOLUE"
"001711162","05/05/2017 12:00","R73","SO","ARRIVEES_HOTEL","ARRIVEES","M","3","ETR","BRUT","VALEUR_ABSOLUE"
"001711180","16/11/2016 12:00","R23","SO","NUITEES_CAMPING","NUITEES","M","3","ENS","BRUT","VALEUR_ABSOLUE"
"001786570","22/06/2017 11:47","R27","SO","NUITEES_AHCT","AHCT-NUITOT","A","3","SO","BRUT","VALEUR_ABSOLUE"
"001711188","16/11/2016 12:00","R22","SO","NUITEES_CAMPING","NUITEES","M","3","ENS","BRUT","VALEUR_ABSOLUE"
"001771797","16/03/2017 12:00","D44","SO","NUITEES_HOTEL","HOT-NUITOT_ENS","A","3","SO","BRUT","VALEUR_ABSOLUE"
"001771844","16/03/2017 12:00","D91","SO","NUITEES_HOTEL","HOT-NUITOT_ENS","A","3","SO","BRUT","VALEUR_ABSOLUE"
"001786490","07/02/2017 12:00","D82","SO","NUITEES_CAMPING","NUITEES_ETR","A","3","SO","BRUT","VALEUR_ABSOLUE"
"001711034","05/05/2017 12:00","R83","SO","NUITEES_HOTEL","NUITEES","M","3","ENS","BRUT","VALEUR_ABSOLUE"
"001786335","16/03/2017 12:00","D53","SO","NUITEES_HOTEL","NUITEES_ETR","A","3","SO","BRUT","VALEUR_ABSOLUE"
"001711283","16/11/2016 12:00","R93","SO","ARRIVEES_CAMPING","ARRIVEES","M","3","FR","BRUT","VALEUR_ABSOLUE"
"001711143","05/05/2017 12:00","R54","SO","ARRIVEES_HOTEL","ARRIVEES","M","3","FR","BRUT","VALEUR_ABSOLUE"
"001711296","16/11/2016 12:00","R11","SO","ARRIVEES_CAMPING","ARRIVEES","M","3","ETR","BRUT","VALEUR_ABSOLUE"
"001786462","07/02/2017 12:00","D54","SO","NUITEES_CAMPING","NUITEES_ETR","A","3","SO","BRUT","VALEUR_ABSOLUE"
"001771809","16/03/2017 12:00","D56","SO","NUITEES_HOTEL","HOT-NUITOT_ENS","A","3","SO","BRUT","VALEUR_ABSOLUE"
"001786463","07/02/2017 12:00","D55","SO","NUITEES_CAMPING","NUITEES_ETR","A","3","SO","BRUT","VALEUR_ABSOLUE"
"001771795","16/03/2017 12:00","D42","SO","NUITEES_HOTEL","HOT-NUITOT_ENS","A","3","SO","BRUT","VALEUR_ABSOLUE"
"001711161","05/05/2017 12:00","R41","SO","ARRIVEES_HOTEL","ARRIVEES","M","3","ETR","BRUT","VALEUR_ABSOLUE"
"001711196","16/11/2016 12:00","R83","SO","NUITEES_CAMPING","NUITEES","M","3","FR","BRUT","VALEUR_ABSOLUE"
"001711035","05/05/2017 12:00","R25","SO","NUITEES_HOTEL","NUITEES","M","3","ENS","BRUT","VALEUR_ABSOLUE"
"001711056","05/05/2017 12:00","R42","SO","NUITEES_HOTEL","NUITEES","M","3","FR","BRUT","VALEUR_ABSOLUE"
"001771281","07/02/2017 12:00","D29","SO","NUITEES_CAMPING","CPG-NUITOT-ENS","A","3","SO","BRUT","VALEUR_ABSOLUE"
"001771308","07/02/2017 12:00","D57","SO","NUITEES_CAMPING","CPG-NUITOT-ENS","A","3","SO","BRUT","VALEUR_ABSOLUE"
"001786408","07/02/2017 12:00","D01","SO","NUITEES_CAMPING","NUITEES_ETR","A","3","SO","BRUT","VALEUR_ABSOLUE"
"001739017","16/11/2016 12:00","R28","SO","NUITEES_CAMPING","NUITEES","M","3","FR","BRUT","VALEUR_ABSOLUE"
"001786461","07/02/2017 12:00","D53","SO","NUITEES_CAMPING","NUITEES_ETR","A","3","SO","BRUT","VALEUR_ABSOLUE"
"001711107","05/05/2017 12:00","R24","SO","ARRIVEES_HOTEL","ARRIVEES","M","3","ENS","BRUT","VALEUR_ABSOLUE"
"001786614","22/06/2017 11:47","R76","SO","NUITEES_RTRH","RES-NUITOT","A","3","SO","BRUT","VALEUR_ABSOLUE"
"001771848","16/03/2017 12:00","D95","SO","NUITEES_HOTEL","HOT-NUITOT_ENS","A","3","SO","BRUT","VALEUR_ABSOLUE"
"001786346","16/03/2017 12:00","D64","SO","NUITEES_HOTEL","NUITEES_ETR","A","3","SO","BRUT","VALEUR_ABSOLUE"
"001786280","16/03/2017 12:00","R84","SO","NUITEES_HOTEL","NUITEES_ETR","A","3","SO","BRUT","VALEUR_ABSOLUE"
"001771807","16/03/2017 12:00","D54","SO","NUITEES_HOTEL","HOT-NUITOT_ENS","A","3","SO","BRUT","VALEUR_ABSOLUE"
"001711134","05/05/2017 12:00","R23","SO","ARRIVEES_HOTEL","ARRIVEES","M","3","FR","BRUT","VALEUR_ABSOLUE"
"001786277","16/03/2017 12:00","R44","SO","NUITEES_HOTEL","NUITEES_ETR","A","3","SO","BRUT","VALEUR_ABSOLUE"
"001711065","05/05/2017 12:00","R23","SO","NUITEES_HOTEL","NUITEES","M","3","FR","BRUT","VALEUR_ABSOLUE"
"001771779","16/03/2017 12:00","D28","SO","NUITEES_HOTEL","HOT-NUITOT_ENS","A","3","SO","BRUT","VALEUR_ABSOLUE"
"001711077","05/05/2017 12:00","FM","SO","NUITEES_HOTEL","NUITEES","M","3","FR","BRUT","VALEUR_ABSOLUE"
"001711249","16/11/2016 12:00","R23","SO","ARRIVEES_CAMPING","ARRIVEES","M","3","ENS","BRUT","VALEUR_ABSOLUE"
"001711186","16/11/2016 12:00","R31","SO","NUITEES_CAMPING","NUITEES","M","3","ENS","BRUT","VALEUR_ABSOLUE"
"001711086","05/05/2017 12:00","R94","SO","NUITEES_HOTEL","NUITEES","M","3","ETR","BRUT","VALEUR_ABSOLUE"
"001711164","05/05/2017 12:00","R52","SO","ARRIVEES_HOTEL","ARRIVEES","M","3","ETR","BRUT","VALEUR_ABSOLUE"
"001711078","05/05/2017 12:00","R42","SO","NUITEES_HOTEL","NUITEES","M","3","ETR","BRUT","VALEUR_ABSOLUE"
"001786314","16/03/2017 12:00","D32","SO","NUITEES_HOTEL","NUITEES_ETR","A","3","SO","BRUT","VALEUR_ABSOLUE"
"001717234","05/05/2017 12:00","D972","SO","NUITEES_HOTEL","NUITEES","M","3","ENS","BRUT","VALEUR_ABSOLUE"
"001771841","16/03/2017 12:00","D88","SO","NUITEES_HOTEL","HOT-NUITOT_ENS","A","3","SO","BRUT","VALEUR_ABSOLUE"
"001786496","07/02/2017 12:00","D87","SO","NUITEES_CAMPING","NUITEES_ETR","A","3","SO","BRUT","VALEUR_ABSOLUE"
"001786312","16/03/2017 12:00","D30","SO","NUITEES_HOTEL","NUITEES_ETR","A","3","SO","BRUT","VALEUR_ABSOLUE"
"001771309","07/02/2017 12:00","D58","SO","NUITEES_CAMPING","CPG-NUITOT-ENS","A","3","SO","BRUT","VALEUR_ABSOLUE"
"001711109","05/05/2017 12:00","R94","SO","ARRIVEES_HOTEL","ARRIVEES","M","3","ENS","BRUT","VALEUR_ABSOLUE"
"001786303","16/03/2017 12:00","D21","SO","NUITEES_HOTEL","NUITEES_ETR","A","3","SO","BRUT","VALEUR_ABSOLUE"
"001711138","05/05/2017 12:00","R41","SO","ARRIVEES_HOTEL","ARRIVEES","M","3","FR","BRUT","VALEUR_ABSOLUE"
"001739066","16/11/2016 12:00","R76","SO","ARRIVEES_CAMPING","ARRIVEES","M","3","ENS","BRUT","VALEUR_ABSOLUE"
"001739021","16/11/2016 12:00","R28","SO","ARRIVEES_CAMPING","ARRIVEES","M","3","ETR","BRUT","VALEUR_ABSOLUE"
"001739055","16/11/2016 12:00","R75","SO","ARRIVEES_CAMPING","ARRIVEES","M","3","FR","BRUT","VALEUR_ABSOLUE"
"001786264","16/03/2017 12:00","R53","SO","NUITEES_HOTEL","NUITEES_ETR","A","3","SO","BRUT","VALEUR_ABSOLUE"
"001786599","22/06/2017 11:47","R27","SO","NUITEES_RTRH","RES-NUITOT","A","3","SO","BRUT","VALEUR_ABSOLUE"
"001771789","16/03/2017 12:00","D36","SO","NUITEES_HOTEL","HOT-NUITOT_ENS","A","3","SO","BRUT","VALEUR_ABSOLUE"
"001711307","07/02/2017 12:00","FM","SO","ARRIVEES_CAMPING","ARRIVEES","M","3","ETR","BRUT","VALEUR_ABSOLUE"
"001786436","07/02/2017 12:00","D28","SO","NUITEES_CAMPING","NUITEES_ETR","A","3","SO","BRUT","VALEUR_ABSOLUE"
"001711268","16/11/2016 12:00","R24","SO","ARRIVEES_CAMPING","ARRIVEES","M","3","FR","BRUT","VALEUR_ABSOLUE"
"001711055","05/05/2017 12:00","FM","SO","NUITEES_HOTEL","NUITEES","M","3","ENS","BRUT","VALEUR_ABSOLUE"
"001771340","07/02/2017 12:00","D89","SO","NUITEES_CAMPING","CPG-NUITOT-ENS","A","3","SO","BRUT","VALEUR_ABSOLUE"
"001771287","07/02/2017 12:00","D36","SO","NUITEES_CAMPING","CPG-NUITOT-ENS","A","3","SO","BRUT","VALEUR_ABSOLUE"
"001786284","21/04/2017 12:00","D03","SO","NUITEES_HOTEL","NUITEES_ETR","A","3","SO","BRUT","VALEUR_ABSOLUE"
"001786274","16/03/2017 12:00","R27","SO","NUITEES_HOTEL","NUITEES_ETR","A","3","SO","BRUT","VALEUR_ABSOLUE"
"001771773","16/03/2017 12:00","D22","SO","NUITEES_HOTEL","HOT-NUITOT_ENS","A","3","SO","BRUT","VALEUR_ABSOLUE"
"001711139","05/05/2017 12:00","R73","SO","ARRIVEES_HOTEL","ARRIVEES","M","3","FR","BRUT","VALEUR_ABSOLUE"
"001711040","05/05/2017 12:00","R94","SO","NUITEES_HOTEL","NUITEES","M","3","ENS","BRUT","VALEUR_ABSOLUE"
"001711297","16/11/2016 12:00","R91","SO","ARRIVEES_CAMPING","ARRIVEES","M","3","ETR","BRUT","VALEUR_ABSOLUE"
"001711072","05/05/2017 12:00","R52","SO","NUITEES_HOTEL","NUITEES","M","3","FR","BRUT","VALEUR_ABSOLUE"
"001771771","16/03/2017 12:00","D19","SO","NUITEES_HOTEL","HOT-NUITOT_ENS","A","3","SO","BRUT","VALEUR_ABSOLUE"
"001771837","16/03/2017 12:00","D84","SO","NUITEES_HOTEL","HOT-NUITOT_ENS","A","3","SO","BRUT","VALEUR_ABSOLUE"
"001786592","22/06/2017 11:47","R11","SO","NUITEES_RTRH","RES-NUITOT","A","3","SO","BRUT","VALEUR_ABSOLUE"
"001711252","16/11/2016 12:00","R74","SO","ARRIVEES_CAMPING","ARRIVEES","M","3","ENS","BRUT","VALEUR_ABSOLUE"
"001711145","05/05/2017 12:00","R82","SO","ARRIVEES_HOTEL","ARRIVEES","M","3","FR","BRUT","VALEUR_ABSOLUE"
"001771815","16/03/2017 12:00","D62","SO","NUITEES_HOTEL","HOT-NUITOT_ENS","A","3","SO","BRUT","VALEUR_ABSOLUE"
"001771822","16/03/2017 12:00","D69","SO","NUITEES_HOTEL","HOT-NUITOT_ENS","A","3","SO","BRUT","VALEUR_ABSOLUE"
"001711306","16/11/2016 12:00","R82","SO","ARRIVEES_CAMPING","ARRIVEES","M","3","ETR","BRUT","VALEUR_ABSOLUE"
"001786488","07/02/2017 12:00","D80","SO","NUITEES_CAMPING","NUITEES_ETR","A","3","SO","BRUT","VALEUR_ABSOLUE"
"001786435","07/02/2017 12:00","D27","SO","NUITEES_CAMPING","NUITEES_ETR","A","3","SO","BRUT","VALEUR_ABSOLUE"
"001786607","22/06/2017 11:47","R52","SO","NUITEES_RTRH","RES-NUITOT","A","3","SO","BRUT","VALEUR_ABSOLUE"
"001786359","16/03/2017 12:00","D77","SO","NUITEES_HOTEL","NUITEES_ETR","A","3","SO","BRUT","VALEUR_ABSOLUE"
"001786279","16/03/2017 12:00","R76","SO","NUITEES_HOTEL","NUITEES_ETR","A","3","SO","BRUT","VALEUR_ABSOLUE"
"001711140","05/05/2017 12:00","R31","SO","ARRIVEES_HOTEL","ARRIVEES","M","3","FR","BRUT","VALEUR_ABSOLUE"
"001786476","07/02/2017 12:00","D68","SO","NUITEES_CAMPING","NUITEES_ETR","A","3","SO","BRUT","VALEUR_ABSOLUE"
"001711212","16/11/2016 12:00","R54","SO","NUITEES_CAMPING","NUITEES","M","3","FR","BRUT","VALEUR_ABSOLUE"
"001771332","07/02/2017 12:00","D81","SO","NUITEES_CAMPING","CPG-NUITOT-ENS","A","3","SO","BRUT","VALEUR_ABSOLUE"
"001771291","07/02/2017 12:00","D40","SO","NUITEES_CAMPING","CPG-NUITOT-ENS","A","3","SO","BRUT","VALEUR_ABSOLUE"
"001711112","05/05/2017 12:00","R11","SO","ARRIVEES_HOTEL","ARRIVEES","M","3","ENS","BRUT","VALEUR_ABSOLUE"
"001786370","16/03/2017 12:00","D88","SO","NUITEES_HOTEL","NUITEES_ETR","A","3","SO","BRUT","VALEUR_ABSOLUE"
"001739073","05/05/2017 12:00","R84","SO","ARRIVEES_HOTEL","ARRIVEES","M","3","FR","BRUT","VALEUR_ABSOLUE"
"001711157","05/05/2017 12:00","R23","SO","ARRIVEES_HOTEL","ARRIVEES","M","3","ETR","BRUT","VALEUR_ABSOLUE"
"001711270","16/11/2016 12:00","R94","SO","ARRIVEES_CAMPING","ARRIVEES","M","3","FR","BRUT","VALEUR_ABSOLUE"
"001711053","05/05/2017 12:00","R94","SO","NUITEES_HOTEL","NUITEES","M","3","FR","BRUT","VALEUR_ABSOLUE"
"001711087","05/05/2017 12:00","R43","SO","NUITEES_HOTEL","NUITEES","M","3","ETR","BRUT","VALEUR_ABSOLUE"
"001711173","16/11/2016 12:00","R25","SO","NUITEES_CAMPING","NUITEES","M","3","ENS","BRUT","VALEUR_ABSOLUE"
"001739005","16/11/2016 12:00","R27","SO","NUITEES_CAMPING","NUITEES","M","3","FR","BRUT","VALEUR_ABSOLUE"
"001711226","16/11/2016 12:00","R23","SO","NUITEES_CAMPING","NUITEES","M","3","ETR","BRUT","VALEUR_ABSOLUE"
"001711118","05/05/2017 12:00","R52","SO","ARRIVEES_HOTEL","ARRIVEES","M","3","ENS","BRUT","VALEUR_ABSOLUE"
"001711154","05/05/2017 12:00","R21","SO","ARRIVEES_HOTEL","ARRIVEES","M","3","ETR","BRUT","VALEUR_ABSOLUE"
"001739034","05/05/2017 12:00","R44","SO","NUITEES_HOTEL","NUITEES","M","3","FR","BRUT","VALEUR_ABSOLUE"
"001757958","16/03/2017 12:00","R52","SO","NUITEES_HOTEL","HOT-NUITOT_ENS","A","3","SO","BRUT","VALEUR_ABSOLUE"
"001711247","16/11/2016 12:00","R94","SO","ARRIVEES_CAMPING","ARRIVEES","M","3","ENS","BRUT","VALEUR_ABSOLUE"
"001786350","16/03/2017 12:00","D68","SO","NUITEES_HOTEL","NUITEES_ETR","A","3","SO","BRUT","VALEUR_ABSOLUE"
"001786296","21/04/2017 12:00","D15","SO","NUITEES_HOTEL","NUITEES_ETR","A","3","SO","BRUT","VALEUR_ABSOLUE"
"001711106","05/05/2017 12:00","R53","SO","ARRIVEES_HOTEL","ARRIVEES","M","3","ENS","BRUT","VALEUR_ABSOLUE"
"001711125","05/05/2017 12:00","R72","SO","ARRIVEES_HOTEL","ARRIVEES","M","3","FR","BRUT","VALEUR_ABSOLUE"
"001711126","05/05/2017 12:00","R83","SO","ARRIVEES_HOTEL","ARRIVEES","M","3","FR","BRUT","VALEUR_ABSOLUE"
"001711148","05/05/2017 12:00","R72","SO","ARRIVEES_HOTEL","ARRIVEES","M","3","ETR","BRUT","VALEUR_ABSOLUE"
"001711262","16/11/2016 12:00","R42","SO","ARRIVEES_CAMPING","ARRIVEES","M","3","FR","BRUT","VALEUR_ABSOLUE"
"001711133","05/05/2017 12:00","R43","SO","ARRIVEES_HOTEL","ARRIVEES","M","3","FR","BRUT","VALEUR_ABSOLUE"
"001786339","16/03/2017 12:00","D57","SO","NUITEES_HOTEL","NUITEES_ETR","A","3","SO","BRUT","VALEUR_ABSOLUE"
"001786355","16/03/2017 12:00","D73","SO","NUITEES_HOTEL","NUITEES_ETR","A","3","SO","BRUT","VALEUR_ABSOLUE"
"001757974","16/03/2017 12:00","R84","SO","NUITEES_HOTEL","HOT-NUITOT_ENS","A","3","SO","BRUT","VALEUR_ABSOLUE"
"001771847","16/03/2017 12:00","D94","SO","NUITEES_HOTEL","HOT-NUITOT_ENS","A","3","SO","BRUT","VALEUR_ABSOLUE"
"001786482","07/02/2017 12:00","D74","SO","NUITEES_CAMPING","NUITEES_ETR","A","3","SO","BRUT","VALEUR_ABSOLUE"
"001711069","05/05/2017 12:00","R41","SO","NUITEES_HOTEL","NUITEES","M","3","FR","BRUT","VALEUR_ABSOLUE"
"001786304","16/03/2017 12:00","D22","SO","NUITEES_HOTEL","NUITEES_ETR","A","3","SO","BRUT","VALEUR_ABSOLUE"
"001771260","07/02/2017 12:00","D10","SO","NUITEES_CAMPING","CPG-NUITOT-ENS","A","3","SO","BRUT","VALEUR_ABSOLUE"
"001786286","16/03/2017 12:00","D05","SO","NUITEES_HOTEL","NUITEES_ETR","A","3","SO","BRUT","VALEUR_ABSOLUE"
"001786411","07/02/2017 12:00","D04","SO","NUITEES_CAMPING","NUITEES_ETR","A","3","SO","BRUT","VALEUR_ABSOLUE"
"001711167","05/05/2017 12:00","R93","SO","ARRIVEES_HOTEL","ARRIVEES","M","3","ETR","BRUT","VALEUR_ABSOLUE"
"001711137","05/05/2017 12:00","R74","SO","ARRIVEES_HOTEL","ARRIVEES","M","3","FR","BRUT","VALEUR_ABSOLUE"
"001711033","05/05/2017 12:00","R72","SO","NUITEES_HOTEL","NUITEES","M","3","ENS","BRUT","VALEUR_ABSOLUE"
"001739058","05/05/2017 12:00","R76","SO","NUITEES_HOTEL","NUITEES","M","3","FR","BRUT","VALEUR_ABSOLUE"
"001711291","16/11/2016 12:00","R24","SO","ARRIVEES_CAMPING","ARRIVEES","M","3","ETR","BRUT","VALEUR_ABSOLUE"
"001786484","07/02/2017 12:00","D76","SO","NUITEES_CAMPING","NUITEES_ETR","A","3","SO","BRUT","VALEUR_ABSOLUE"
"001711144","05/05/2017 12:00","R93","SO","ARRIVEES_HOTEL","ARRIVEES","M","3","FR","BRUT","VALEUR_ABSOLUE"
"001786437","07/02/2017 12:00","D29","SO","NUITEES_CAMPING","NUITEES_ETR","A","3","SO","BRUT","VALEUR_ABSOLUE"
"001786420","07/02/2017 12:00","D13","SO","NUITEES_CAMPING","NUITEES_ETR","A","3","SO","BRUT","VALEUR_ABSOLUE"
"001711116","05/05/2017 12:00","R73","SO","ARRIVEES_HOTEL","ARRIVEES","M","3","ENS","BRUT","VALEUR_ABSOLUE"
"001739080","16/11/2016 12:00","R84","SO","ARRIVEES_CAMPING","ARRIVEES","M","3","ETR","BRUT","VALEUR_ABSOLUE"
"001786399","07/02/2017 12:00","R94","SO","NUITEES_CAMPING","NUITEES_ETR","A","3","SO","BRUT","VALEUR_ABSOLUE"
"001711079","05/05/2017 12:00","R72","SO","NUITEES_HOTEL","NUITEES","M","3","ETR","BRUT","VALEUR_ABSOLUE"
"001711258","16/11/2016 12:00","R54","SO","ARRIVEES_CAMPING","ARRIVEES","M","3","ENS","BRUT","VALEUR_ABSOLUE"
"001786293","21/04/2017 12:00","D12","SO","NUITEES_HOTEL","NUITEES_ETR","A","3","SO","BRUT","VALEUR_ABSOLUE"
"001786412","07/02/2017 12:00","D05","SO","NUITEES_CAMPING","NUITEES_ETR","A","3","SO","BRUT","VALEUR_ABSOLUE"
"001711121","05/05/2017 12:00","R93","SO","ARRIVEES_HOTEL","ARRIVEES","M","3","ENS","BRUT","VALEUR_ABSOLUE"
"001771831","16/03/2017 12:00","D78","SO","NUITEES_HOTEL","HOT-NUITOT_ENS","A","3","SO","BRUT","VALEUR_ABSOLUE"
"001771828","16/03/2017 12:00","D75","SO","NUITEES_HOTEL","HOT-NUITOT_ENS","A","3","SO","BRUT","VALEUR_ABSOLUE"
"001786422","07/02/2017 12:00","D15","SO","NUITEES_CAMPING","NUITEES_ETR","A","3","SO","BRUT","VALEUR_ABSOLUE"
"001711170","16/11/2016 12:00","R42","SO","NUITEES_CAMPING","NUITEES","M","3","ENS","BRUT","VALEUR_ABSOLUE"
"001786378","07/02/2017 12:00","R11","SO","NUITEES_CAMPING","NUITEES_ETR","A","3","SO","BRUT","VALEUR_ABSOLUE"
"001786444","07/02/2017 12:00","D36","SO","NUITEES_CAMPING","NUITEES_ETR","A","3","SO","BRUT","VALEUR_ABSOLUE"
"001711039","05/05/2017 12:00","R21","SO","NUITEES_HOTEL","NUITEES","M","3","ENS","BRUT","VALEUR_ABSOLUE"
"001711255","16/11/2016 12:00","R31","SO","ARRIVEES_CAMPING","ARRIVEES","M","3","ENS","BRUT","VALEUR_ABSOLUE"
"001786492","07/02/2017 12:00","D84","SO","NUITEES_CAMPING","NUITEES_ETR","A","3","SO","BRUT","VALEUR_ABSOLUE"
"001786347","16/03/2017 12:00","D65","SO","NUITEES_HOTEL","NUITEES_ETR","A","3","SO","BRUT","VALEUR_ABSOLUE"
"001717313","05/05/2017 12:00","FE","SO","ARRIVEES_HOTEL","ARRIVEES","M","3","ENS","BRUT","VALEUR_ABSOLUE"
"001786398","07/02/2017 12:00","R93","SO","NUITEES_CAMPING","NUITEES_ETR","A","3","SO","BRUT","VALEUR_ABSOLUE"
"001711152","05/05/2017 12:00","R53","SO","ARRIVEES_HOTEL","ARRIVEES","M","3","ETR","BRUT","VALEUR_ABSOLUE"
"001786353","16/03/2017 12:00","D71","SO","NUITEES_HOTEL","NUITEES_ETR","A","3","SO","BRUT","VALEUR_ABSOLUE"
"001717240","05/05/2017 12:00","D974","SO","NUITEES_HOTEL","NUITEES","M","3","ENS","BRUT","VALEUR_ABSOLUE"
"001786418","07/02/2017 12:00","D11","SO","NUITEES_CAMPING","NUITEES_ETR","A","3","SO","BRUT","VALEUR_ABSOLUE"
"001711303","16/11/2016 12:00","R22","SO","ARRIVEES_CAMPING","ARRIVEES","M","3","ETR","BRUT","VALEUR_ABSOLUE"
"001786338","16/03/2017 12:00","D56","SO","NUITEES_HOTEL","NUITEES_ETR","A","3","SO","BRUT","VALEUR_ABSOLUE"
"001739016","16/11/2016 12:00","R28","SO","NUITEES_CAMPING","NUITEES","M","3","ENS","BRUT","VALEUR_ABSOLUE"
"001711163","05/05/2017 12:00","R31","SO","ARRIVEES_HOTEL","ARRIVEES","M","3","ETR","BRUT","VALEUR_ABSOLUE"
"001786276","16/03/2017 12:00","R32","SO","NUITEES_HOTEL","NUITEES_ETR","A","3","SO","BRUT","VALEUR_ABSOLUE"
"001711293","16/11/2016 12:00","R94","SO","ARRIVEES_CAMPING","ARRIVEES","M","3","ETR","BRUT","VALEUR_ABSOLUE"
"001771258","07/02/2017 12:00","D08","SO","NUITEES_CAMPING","CPG-NUITOT-ENS","A","3","SO","BRUT","VALEUR_ABSOLUE"
"001711084","05/05/2017 12:00","R24","SO","NUITEES_HOTEL","NUITEES","M","3","ETR","BRUT","VALEUR_ABSOLUE"
"001786499","31/01/2017 12:00","D90","SO","NUITEES_CAMPING","NUITEES_ETR","A","3","SO","BRUT","VALEUR_ABSOLUE"
"001739013","05/05/2017 12:00","R28","SO","ARRIVEES_HOTEL","ARRIVEES","M","3","ENS","BRUT","VALEUR_ABSOLUE"
"001711093","05/05/2017 12:00","R73","SO","NUITEES_HOTEL","NUITEES","M","3","ETR","BRUT","VALEUR_ABSOLUE"
"001739077","16/11/2016 12:00","R84","SO","NUITEES_CAMPING","NUITEES","M","3","ETR","BRUT","VALEUR_ABSOLUE"
"001711165","05/05/2017 12:00","R22","SO","ARRIVEES_HOTEL","ARRIVEES","M","3","ETR","BRUT","VALEUR_ABSOLUE"
"001739065","16/11/2016 12:00","R76","SO","NUITEES_CAMPING","NUITEES","M","3","ETR","BRUT","VALEUR_ABSOLUE"
"001711210","16/11/2016 12:00","R52","SO","NUITEES_CAMPING","NUITEES","M","3","FR","BRUT","VALEUR_ABSOLUE"
"001739007","16/11/2016 12:00","R27","SO","ARRIVEES_CAMPING","ARRIVEES","M","3","ENS","BRUT","VALEUR_ABSOLUE"
"001711082","05/05/2017 12:00","R26","SO","NUITEES_HOTEL","NUITEES","M","3","ETR","BRUT","VALEUR_ABSOLUE"
"001771346","07/02/2017 12:00","D95","SO","NUITEES_CAMPING","CPG-NUITOT-ENS","A","3","SO","BRUT","VALEUR_ABSOLUE"
"001786416","07/02/2017 12:00","D09","SO","NUITEES_CAMPING","NUITEES_ETR","A","3","SO","BRUT","VALEUR_ABSOLUE"
"001786458","07/02/2017 12:00","D50","SO","NUITEES_CAMPING","NUITEES_ETR","A","3","SO","BRUT","VALEUR_ABSOLUE"
"001771782","16/03/2017 12:00","D2B","SO","NUITEES_HOTEL","HOT-NUITOT_ENS","A","3","SO","BRUT","VALEUR_ABSOLUE"
"001771334","07/02/2017 12:00","D83","SO","NUITEES_CAMPING","CPG-NUITOT-ENS","A","3","SO","BRUT","VALEUR_ABSOLUE"
"001786477","07/02/2017 12:00","D69","SO","NUITEES_CAMPING","NUITEES_ETR","A","3","SO","BRUT","VALEUR_ABSOLUE"
"001786481","07/02/2017 12:00","D73","SO","NUITEES_CAMPING","NUITEES_ETR","A","3","SO","BRUT","VALEUR_ABSOLUE"
"001771811","16/03/2017 12:00","D58","SO","NUITEES_HOTEL","HOT-NUITOT_ENS","A","3","SO","BRUT","VALEUR_ABSOLUE"
"001771268","07/02/2017 12:00","D18","SO","NUITEES_CAMPING","CPG-NUITOT-ENS","A","3","SO","BRUT","VALEUR_ABSOLUE"
"001771259","07/02/2017 12:00","D09","SO","NUITEES_CAMPING","CPG-NUITOT-ENS","A","3","SO","BRUT","VALEUR_ABSOLUE"
"001711232","16/11/2016 12:00","R31","SO","NUITEES_CAMPING","NUITEES","M","3","ETR","BRUT","VALEUR_ABSOLUE"
"001786438","07/02/2017 12:00","D30","SO","NUITEES_CAMPING","NUITEES_ETR","A","3","SO","BRUT","VALEUR_ABSOLUE"
"001786330","16/03/2017 12:00","D48","SO","NUITEES_HOTEL","NUITEES_ETR","A","3","SO","BRUT","VALEUR_ABSOLUE"
"001786473","07/02/2017 12:00","D65","SO","NUITEES_CAMPING","NUITEES_ETR","A","3","SO","BRUT","VALEUR_ABSOLUE"
"001717237","05/05/2017 12:00","D973","SO","NUITEES_HOTEL","NUITEES","M","3","ENS","BRUT","VALEUR_ABSOLUE"
"001711150","05/05/2017 12:00","R25","SO","ARRIVEES_HOTEL","ARRIVEES","M","3","ETR","BRUT","VALEUR_ABSOLUE"
"001771753","16/03/2017 12:00","D01","SO","NUITEES_HOTEL","HOT-NUITOT_ENS","A","3","SO","BRUT","VALEUR_ABSOLUE"
"001771265","07/02/2017 12:00","D15","SO","NUITEES_CAMPING","CPG-NUITOT-ENS","A","3","SO","BRUT","VALEUR_ABSOLUE"
"001786608","22/06/2017 11:47","R53","SO","NUITEES_RTRH","RES-NUITOT","A","3","SO","BRUT","VALEUR_ABSOLUE"
"001786413","07/02/2017 12:00","D06","SO","NUITEES_CAMPING","NUITEES_ETR","A","3","SO","BRUT","VALEUR_ABSOLUE"
"001711153","05/05/2017 12:00","R24","SO","ARRIVEES_HOTEL","ARRIVEES","M","3","ETR","BRUT","VALEUR_ABSOLUE"
"001786451","07/02/2017 12:00","D43","SO","NUITEES_CAMPING","NUITEES_ETR","A","3","SO","BRUT","VALEUR_ABSOLUE"
"001771793","16/03/2017 12:00","D40","SO","NUITEES_HOTEL","HOT-NUITOT_ENS","A","3","SO","BRUT","VALEUR_ABSOLUE"
"001786310","16/03/2017 12:00","D28","SO","NUITEES_HOTEL","NUITEES_ETR","A","3","SO","BRUT","VALEUR_ABSOLUE"
"001786472","07/02/2017 12:00","D64","SO","NUITEES_CAMPING","NUITEES_ETR","A","3","SO","BRUT","VALEUR_ABSOLUE"
"001759647","07/02/2017 12:00","R27","SO","NUITEES_CAMPING","CPG-NUITOT-ENS","A","3","SO","BRUT","VALEUR_ABSOLUE"
"001711200","16/11/2016 12:00","R21","SO","NUITEES_CAMPING","NUITEES","M","3","FR","BRUT","VALEUR_ABSOLUE"
"001771274","07/02/2017 12:00","D22","SO","NUITEES_CAMPING","CPG-NUITOT-ENS","A","3","SO","BRUT","VALEUR_ABSOLUE"
"001786374","16/03/2017 12:00","D92","SO","NUITEES_HOTEL","NUITEES_ETR","A","3","SO","BRUT","VALEUR_ABSOLUE"
"001786357","16/03/2017 12:00","D75","SO","NUITEES_HOTEL","NUITEES_ETR","A","3","SO","BRUT","VALEUR_ABSOLUE"
"001786470","07/02/2017 12:00","D62","SO","NUITEES_CAMPING","NUITEES_ETR","A","3","SO","BRUT","VALEUR_ABSOLUE"
"001786425","07/02/2017 12:00","D18","SO","NUITEES_CAMPING","NUITEES_ETR","A","3","SO","BRUT","VALEUR_ABSOLUE"
"001786341","16/03/2017 12:00","D59","SO","NUITEES_HOTEL","NUITEES_ETR","A","3","SO","BRUT","VALEUR_ABSOLUE"
"001711038","05/05/2017 12:00","R24","SO","NUITEES_HOTEL","NUITEES","M","3","ENS","BRUT","VALEUR_ABSOLUE"
"001786360","16/03/2017 12:00","D78","SO","NUITEES_HOTEL","NUITEES_ETR","A","3","SO","BRUT","VALEUR_ABSOLUE"
"001771290","07/02/2017 12:00","D39","SO","NUITEES_CAMPING","CPG-NUITOT-ENS","A","3","SO","BRUT","VALEUR_ABSOLUE"
"001771257","07/02/2017 12:00","D07","SO","NUITEES_CAMPING","CPG-NUITOT-ENS","A","3","SO","BRUT","VALEUR_ABSOLUE"
"001786414","07/02/2017 12:00","D07","SO","NUITEES_CAMPING","NUITEES_ETR","A","3","SO","BRUT","VALEUR_ABSOLUE"
"001786426","07/02/2017 12:00","D19","SO","NUITEES_CAMPING","NUITEES_ETR","A","3","SO","BRUT","VALEUR_ABSOLUE"
"001786282","16/03/2017 12:00","D01","SO","NUITEES_HOTEL","NUITEES_ETR","A","3","SO","BRUT","VALEUR_ABSOLUE"
"001786500","07/02/2017 12:00","D91","SO","NUITEES_CAMPING","NUITEES_ETR","A","3","SO","BRUT","VALEUR_ABSOLUE"
"001771307","07/02/2017 12:00","D56","SO","NUITEES_CAMPING","CPG-NUITOT-ENS","A","3","SO","BRUT","VALEUR_ABSOLUE"
"001771767","16/03/2017 12:00","D15","SO","NUITEES_HOTEL","HOT-NUITOT_ENS","A","3","SO","BRUT","VALEUR_ABSOLUE"
"001739041","16/11/2016 12:00","R44","SO","NUITEES_CAMPING","NUITEES","M","3","ETR","BRUT","VALEUR_ABSOLUE"
"001771304","07/02/2017 12:00","D53","SO","NUITEES_CAMPING","CPG-NUITOT-ENS","A","3","SO","BRUT","VALEUR_ABSOLUE"
"001771288","07/02/2017 12:00","D37","SO","NUITEES_CAMPING","CPG-NUITOT-ENS","A","3","SO","BRUT","VALEUR_ABSOLUE"
"001771301","07/02/2017 12:00","D50","SO","NUITEES_CAMPING","CPG-NUITOT-ENS","A","3","SO","BRUT","VALEUR_ABSOLUE"
"001739047","05/05/2017 12:00","R75","SO","NUITEES_HOTEL","NUITEES","M","3","ETR","BRUT","VALEUR_ABSOLUE"
"001771802","16/03/2017 12:00","D49","SO","NUITEES_HOTEL","HOT-NUITOT_ENS","A","3","SO","BRUT","VALEUR_ABSOLUE"
"001739008","16/11/2016 12:00","R27","SO","ARRIVEES_CAMPING","ARRIVEES","M","3","FR","BRUT","VALEUR_ABSOLUE"
"001771276","07/02/2017 12:00","D24","SO","NUITEES_CAMPING","CPG-NUITOT-ENS","A","3","SO","BRUT","VALEUR_ABSOLUE"
"001771278","07/02/2017 12:00","D26","SO","NUITEES_CAMPING","CPG-NUITOT-ENS","A","3","SO","BRUT","VALEUR_ABSOLUE"
"001786322","16/03/2017 12:00","D40","SO","NUITEES_HOTEL","NUITEES_ETR","A","3","SO","BRUT","VALEUR_ABSOLUE"
"001786452","07/02/2017 12:00","D44","SO","NUITEES_CAMPING","NUITEES_ETR","A","3","SO","BRUT","VALEUR_ABSOLUE"
"001771755","16/03/2017 12:00","D03","SO","NUITEES_HOTEL","HOT-NUITOT_ENS","A","3","SO","BRUT","VALEUR_ABSOLUE"
"001711176","16/11/2016 12:00","R24","SO","NUITEES_CAMPING","NUITEES","M","3","ENS","BRUT","VALEUR_ABSOLUE"
"001786469","07/02/2017 12:00","D61","SO","NUITEES_CAMPING","NUITEES_ETR","A","3","SO","BRUT","VALEUR_ABSOLUE"
"001759666","07/02/2017 12:00","R93","SO","NUITEES_CAMPING","CPG-NUITOT-ENS","A","3","SO","BRUT","VALEUR_ABSOLUE"
"001786410","07/02/2017 12:00","D03","SO","NUITEES_CAMPING","NUITEES_ETR","A","3","SO","BRUT","VALEUR_ABSOLUE"
"001786449","07/02/2017 12:00","D41","SO","NUITEES_CAMPING","NUITEES_ETR","A","3","SO","BRUT","VALEUR_ABSOLUE"
"001711036","05/05/2017 12:00","R26","SO","NUITEES_HOTEL","NUITEES","M","3","ENS","BRUT","VALEUR_ABSOLUE"
"001786419","07/02/2017 12:00","D12","SO","NUITEES_CAMPING","NUITEES_ETR","A","3","SO","BRUT","VALEUR_ABSOLUE"
"001786447","07/02/2017 12:00","D39","SO","NUITEES_CAMPING","NUITEES_ETR","A","3","SO","BRUT","VALEUR_ABSOLUE"
"001738998","05/05/2017 12:00","R32","SO","ARRIVEES_HOTEL","ARRIVEES","M","3","ETR","BRUT","VALEUR_ABSOLUE"
"001711135","05/05/2017 12:00","R11","SO","ARRIVEES_HOTEL","ARRIVEES","M","3","FR","BRUT","VALEUR_ABSOLUE"
"001771299","07/02/2017 12:00","D48","SO","NUITEES_CAMPING","CPG-NUITOT-ENS","A","3","SO","BRUT","VALEUR_ABSOLUE"
"001786424","07/02/2017 12:00","D17","SO","NUITEES_CAMPING","NUITEES_ETR","A","3","SO","BRUT","VALEUR_ABSOLUE"
"001771756","16/03/2017 12:00","D04","SO","NUITEES_HOTEL","HOT-NUITOT_ENS","A","3","SO","BRUT","VALEUR_ABSOLUE"
"001711229","16/11/2016 12:00","R74","SO","NUITEES_CAMPING","NUITEES","M","3","ETR","BRUT","VALEUR_ABSOLUE"
"001786562","22/06/2017 11:47","R11","SO","NUITEES_AHCT","AHCT-NUITOT","A","3","SO","BRUT","VALEUR_ABSOLUE"
"001759661","07/02/2017 12:00","R76","SO","NUITEES_CAMPING","CPG-NUITOT-ENS","A","3","SO","BRUT","VALEUR_ABSOLUE"
"001771827","16/03/2017 12:00","D74","SO","NUITEES_HOTEL","HOT-NUITOT_ENS","A","3","SO","BRUT","VALEUR_ABSOLUE"
"001786328","16/03/2017 12:00","D46","SO","NUITEES_HOTEL","NUITEES_ETR","A","3","SO","BRUT","VALEUR_ABSOLUE"
"001771794","16/03/2017 12:00","D41","SO","NUITEES_HOTEL","HOT-NUITOT_ENS","A","3","SO","BRUT","VALEUR_ABSOLUE"
"001771252","07/02/2017 12:00","D02","SO","NUITEES_CAMPING","CPG-NUITOT-ENS","A","3","SO","BRUT","VALEUR_ABSOLUE"
"001771834","16/03/2017 12:00","D81","SO","NUITEES_HOTEL","HOT-NUITOT_ENS","A","3","SO","BRUT","VALEUR_ABSOLUE"
"001739018","16/11/2016 12:00","R28","SO","NUITEES_CAMPING","NUITEES","M","3","ETR","BRUT","VALEUR_ABSOLUE"
"001711080","05/05/2017 12:00","R83","SO","NUITEES_HOTEL","NUITEES","M","3","ETR","BRUT","VALEUR_ABSOLUE"
"001711281","07/02/2017 12:00","R53","SO","ARRIVEES_CAMPING","ARRIVEES","M","3","ETR","BRUT","VALEUR_ABSOLUE"
"001786466","07/02/2017 12:00","D58","SO","NUITEES_CAMPING","NUITEES_ETR","A","3","SO","BRUT","VALEUR_ABSOLUE"
"001786372","16/03/2017 12:00","D90","SO","NUITEES_HOTEL","NUITEES_ETR","A","3","SO","BRUT","VALEUR_ABSOLUE"
"001786345","16/03/2017 12:00","D63","SO","NUITEES_HOTEL","NUITEES_ETR","A","3","SO","BRUT","VALEUR_ABSOLUE"
"001786375","16/03/2017 12:00","D93","SO","NUITEES_HOTEL","NUITEES_ETR","A","3","SO","BRUT","VALEUR_ABSOLUE"
"001771256","07/02/2017 12:00","D06","SO","NUITEES_CAMPING","CPG-NUITOT-ENS","A","3","SO","BRUT","VALEUR_ABSOLUE"
"001786324","21/04/2017 12:00","D42","SO","NUITEES_HOTEL","NUITEES_ETR","A","3","SO","BRUT","VALEUR_ABSOLUE"
"001739037","05/05/2017 12:00","R44","SO","ARRIVEES_HOTEL","ARRIVEES","M","3","FR","BRUT","VALEUR_ABSOLUE"
"001771330","07/02/2017 12:00","D79","SO","NUITEES_CAMPING","CPG-NUITOT-ENS","A","3","SO","BRUT","VALEUR_ABSOLUE"
"001771787","16/03/2017 12:00","D33","SO","NUITEES_HOTEL","HOT-NUITOT_ENS","A","3","SO","BRUT","VALEUR_ABSOLUE"
"001771800","16/03/2017 12:00","D47","SO","NUITEES_HOTEL","HOT-NUITOT_ENS","A","3","SO","BRUT","VALEUR_ABSOLUE"
"001786368","16/03/2017 12:00","D86","SO","NUITEES_HOTEL","NUITEES_ETR","A","3","SO","BRUT","VALEUR_ABSOLUE"
"001711190","16/11/2016 12:00","R93","SO","NUITEES_CAMPING","NUITEES","M","3","ENS","BRUT","VALEUR_ABSOLUE"
"001711179","16/11/2016 12:00","R43","SO","NUITEES_CAMPING","NUITEES","M","3","ENS","BRUT","VALEUR_ABSOLUE"
"001786285","16/03/2017 12:00","D04","SO","NUITEES_HOTEL","NUITEES_ETR","A","3","SO","BRUT","VALEUR_ABSOLUE"
"001771766","16/03/2017 12:00","D14","SO","NUITEES_HOTEL","HOT-NUITOT_ENS","A","3","SO","BRUT","VALEUR_ABSOLUE"
"001771315","07/02/2017 12:00","D64","SO","NUITEES_CAMPING","CPG-NUITOT-ENS","A","3","SO","BRUT","VALEUR_ABSOLUE"
"001771311","07/02/2017 12:00","D60","SO","NUITEES_CAMPING","CPG-NUITOT-ENS","A","3","SO","BRUT","VALEUR_ABSOLUE"
"001739024","05/05/2017 12:00","R32","SO","NUITEES_HOTEL","NUITEES","M","3","ETR","BRUT","VALEUR_ABSOLUE"
"001711294","16/11/2016 12:00","R43","SO","ARRIVEES_CAMPING","ARRIVEES","M","3","ETR","BRUT","VALEUR_ABSOLUE"
"001786342","16/03/2017 12:00","D60","SO","NUITEES_HOTEL","NUITEES_ETR","A","3","SO","BRUT","VALEUR_ABSOLUE"
"001771271","07/02/2017 12:00","D30","SO","NUITEES_CAMPING","CPG-NUITOT-ENS","A","3","SO","BRUT","VALEUR_ABSOLUE"
"001771788","16/03/2017 12:00","D35","SO","NUITEES_HOTEL","HOT-NUITOT_ENS","A","3","SO","BRUT","VALEUR_ABSOLUE"
"001711304","16/11/2016 12:00","R54","SO","ARRIVEES_CAMPING","ARRIVEES","M","3","ETR","BRUT","VALEUR_ABSOLUE"
"001771302","07/02/2017 12:00","D51","SO","NUITEES_CAMPING","CPG-NUITOT-ENS","A","3","SO","BRUT","VALEUR_ABSOLUE"
"001739044","16/11/2016 12:00","R44","SO","ARRIVEES_CAMPING","ARRIVEES","M","3","ETR","BRUT","VALEUR_ABSOLUE"
"001786273","16/03/2017 12:00","R94","SO","NUITEES_HOTEL","NUITEES_ETR","A","3","SO","BRUT","VALEUR_ABSOLUE"
"001711250","16/11/2016 12:00","R11","SO","ARRIVEES_CAMPING","ARRIVEES","M","3","ENS","BRUT","VALEUR_ABSOLUE"
"001711290","16/11/2016 12:00","R26","SO","ARRIVEES_CAMPING","ARRIVEES","M","3","ETR","BRUT","VALEUR_ABSOLUE"
"001786297","16/03/2017 12:00","D16","SO","NUITEES_HOTEL","NUITEES_ETR","A","3","SO","BRUT","VALEUR_ABSOLUE"
"001739052","16/11/2016 12:00","R75","SO","NUITEES_CAMPING","NUITEES","M","3","FR","BRUT","VALEUR_ABSOLUE"
"001711199","07/02/2017 12:00","R53","SO","NUITEES_CAMPING","NUITEES","M","3","FR","BRUT","VALEUR_ABSOLUE"
"001711230","16/11/2016 12:00","R41","SO","NUITEES_CAMPING","NUITEES","M","3","ETR","BRUT","VALEUR_ABSOLUE"
"001739004","16/11/2016 12:00","R27","SO","NUITEES_CAMPING","NUITEES","M","3","ENS","BRUT","VALEUR_ABSOLUE"
"001771279","07/02/2017 12:00","D27","SO","NUITEES_CAMPING","CPG-NUITOT-ENS","A","3","SO","BRUT","VALEUR_ABSOLUE"
"001786433","07/02/2017 12:00","D25","SO","NUITEES_CAMPING","NUITEES_ETR","A","3","SO","BRUT","VALEUR_ABSOLUE"
"001786443","07/02/2017 12:00","D35","SO","NUITEES_CAMPING","NUITEES_ETR","A","3","SO","BRUT","VALEUR_ABSOLUE"
"001771289","07/02/2017 12:00","D38","SO","NUITEES_CAMPING","CPG-NUITOT-ENS","A","3","SO","BRUT","VALEUR_ABSOLUE"
"001771325","07/02/2017 12:00","D74","SO","NUITEES_CAMPING","CPG-NUITOT-ENS","A","3","SO","BRUT","VALEUR_ABSOLUE"
"001739000","05/05/2017 12:00","R27","SO","NUITEES_HOTEL","NUITEES","M","3","ETR","BRUT","VALEUR_ABSOLUE"
"001739009","16/11/2016 12:00","R27","SO","ARRIVEES_CAMPING","ARRIVEES","M","3","ETR","BRUT","VALEUR_ABSOLUE"
"001786432","07/02/2017 12:00","D24","SO","NUITEES_CAMPING","NUITEES_ETR","A","3","SO","BRUT","VALEUR_ABSOLUE"
"001771806","16/03/2017 12:00","D53","SO","NUITEES_HOTEL","HOT-NUITOT_ENS","A","3","SO","BRUT","VALEUR_ABSOLUE"
"001786281","16/03/2017 12:00","FM","SO","NUITEES_HOTEL","NUITEES_ETR","A","3","SO","BRUT","VALEUR_ABSOLUE"
"001711090","05/05/2017 12:00","R91","SO","NUITEES_HOTEL","NUITEES","M","3","ETR","BRUT","VALEUR_ABSOLUE"
"001786305","21/04/2017 12:00","D23","SO","NUITEES_HOTEL","NUITEES_ETR","A","3","SO","BRUT","VALEUR_ABSOLUE"
"001771842","16/03/2017 12:00","D89","SO","NUITEES_HOTEL","HOT-NUITOT_ENS","A","3","SO","BRUT","VALEUR_ABSOLUE"
"001739056","16/11/2016 12:00","R75","SO","ARRIVEES_CAMPING","ARRIVEES","M","3","ETR","BRUT","VALEUR_ABSOLUE"
"001786361","21/04/2017 12:00","D79","SO","NUITEES_HOTEL","NUITEES_ETR","A","3","SO","BRUT","VALEUR_ABSOLUE"
"001786429","07/02/2017 12:00","D21","SO","NUITEES_CAMPING","NUITEES_ETR","A","3","SO","BRUT","VALEUR_ABSOLUE"
"001771280","07/02/2017 12:00","D28","SO","NUITEES_CAMPING","CPG-NUITOT-ENS","A","3","SO","BRUT","VALEUR_ABSOLUE"
"001786288","21/04/2017 12:00","D07","SO","NUITEES_HOTEL","NUITEES_ETR","A","3","SO","BRUT","VALEUR_ABSOLUE"
"001739001","05/05/2017 12:00","R27","SO","ARRIVEES_HOTEL","ARRIVEES","M","3","ENS","BRUT","VALEUR_ABSOLUE"
"001771801","16/03/2017 12:00","D48","SO","NUITEES_HOTEL","HOT-NUITOT_ENS","A","3","SO","BRUT","VALEUR_ABSOLUE"
"001711224","16/11/2016 12:00","R94","SO","NUITEES_CAMPING","NUITEES","M","3","ETR","BRUT","VALEUR_ABSOLUE"
"001786382","07/02/2017 12:00","R24","SO","NUITEES_CAMPING","NUITEES_ETR","A","3","SO","BRUT","VALEUR_ABSOLUE"
"001786454","07/02/2017 12:00","D46","SO","NUITEES_CAMPING","NUITEES_ETR","A","3","SO","BRUT","VALEUR_ABSOLUE"
"001711244","07/02/2017 12:00","R53","SO","ARRIVEES_CAMPING","ARRIVEES","M","3","ENS","BRUT","VALEUR_ABSOLUE"
"001786415","07/02/2017 12:00","D08","SO","NUITEES_CAMPING","NUITEES_ETR","A","3","SO","BRUT","VALEUR_ABSOLUE"
"001771317","07/02/2017 12:00","D66","SO","NUITEES_CAMPING","CPG-NUITOT-ENS","A","3","SO","BRUT","VALEUR_ABSOLUE"
"001757959","16/03/2017 12:00","R53","SO","NUITEES_HOTEL","HOT-NUITOT_ENS","A","3","SO","BRUT","VALEUR_ABSOLUE"
"001771821","16/03/2017 12:00","D68","SO","NUITEES_HOTEL","HOT-NUITOT_ENS","A","3","SO","BRUT","VALEUR_ABSOLUE"
"001711187","16/11/2016 12:00","R52","SO","NUITEES_CAMPING","NUITEES","M","3","ENS","BRUT","VALEUR_ABSOLUE"
"001711300","16/11/2016 12:00","R73","SO","ARRIVEES_CAMPING","ARRIVEES","M","3","ETR","BRUT","VALEUR_ABSOLUE"
"001711182","16/11/2016 12:00","R91","SO","NUITEES_CAMPING","NUITEES","M","3","ENS","BRUT","VALEUR_ABSOLUE"
"001711215","07/02/2017 12:00","FM","SO","NUITEES_CAMPING","NUITEES","M","3","FR","BRUT","VALEUR_ABSOLUE"
"001771838","16/03/2017 12:00","D85","SO","NUITEES_HOTEL","HOT-NUITOT_ENS","A","3","SO","BRUT","VALEUR_ABSOLUE"
"001711146","05/05/2017 12:00","FM","SO","ARRIVEES_HOTEL","ARRIVEES","M","3","FR","BRUT","VALEUR_ABSOLUE"
"001739069","05/05/2017 12:00","R84","SO","NUITEES_HOTEL","NUITEES","M","3","ENS","BRUT","VALEUR_ABSOLUE"
"001771781","16/03/2017 12:00","D2A","SO","NUITEES_HOTEL","HOT-NUITOT_ENS","A","3","SO","BRUT","VALEUR_ABSOLUE"
"001786468","07/02/2017 12:00","D60","SO","NUITEES_CAMPING","NUITEES_ETR","A","3","SO","BRUT","VALEUR_ABSOLUE"
"001786300","21/04/2017 12:00","D19","SO","NUITEES_HOTEL","NUITEES_ETR","A","3","SO","BRUT","VALEUR_ABSOLUE"
"001786340","16/03/2017 12:00","D58","SO","NUITEES_HOTEL","NUITEES_ETR","A","3","SO","BRUT","VALEUR_ABSOLUE"
"001786283","16/03/2017 12:00","D02","SO","NUITEES_HOTEL","NUITEES_ETR","A","3","SO","BRUT","VALEUR_ABSOLUE"
"001786290","16/03/2017 12:00","D09","SO","NUITEES_HOTEL","NUITEES_ETR","A","3","SO","BRUT","VALEUR_ABSOLUE"
"001771298","07/02/2017 12:00","D47","SO","NUITEES_CAMPING","CPG-NUITOT-ENS","A","3","SO","BRUT","VALEUR_ABSOLUE"
"001711100","05/05/2017 12:00","FM","SO","NUITEES_HOTEL","NUITEES","M","3","ETR","BRUT","VALEUR_ABSOLUE"
"001711099","05/05/2017 12:00","R82","SO","NUITEES_HOTEL","NUITEES","M","3","ETR","BRUT","VALEUR_ABSOLUE"
"001739078","16/11/2016 12:00","R84","SO","ARRIVEES_CAMPING","ARRIVEES","M","3","ENS","BRUT","VALEUR_ABSOLUE"
"001711289","16/11/2016 12:00","R25","SO","ARRIVEES_CAMPING","ARRIVEES","M","3","ETR","BRUT","VALEUR_ABSOLUE"
"001711248","16/11/2016 12:00","R43","SO","ARRIVEES_CAMPING","ARRIVEES","M","3","ENS","BRUT","VALEUR_ABSOLUE"
"001711181","16/11/2016 12:00","R11","SO","NUITEES_CAMPING","NUITEES","M","3","ENS","BRUT","VALEUR_ABSOLUE"
"001786579","22/06/2017 11:47","R53","SO","NUITEES_AHCT","AHCT-NUITOT","A","3","SO","BRUT","VALEUR_ABSOLUE"
"001786431","07/02/2017 12:00","D23","SO","NUITEES_CAMPING","NUITEES_ETR","A","3","SO","BRUT","VALEUR_ABSOLUE"
"001786329","21/04/2017 12:00","D47","SO","NUITEES_HOTEL","NUITEES_ETR","A","3","SO","BRUT","VALEUR_ABSOLUE"
"001786421","07/02/2017 12:00","D14","SO","NUITEES_CAMPING","NUITEES_ETR","A","3","SO","BRUT","VALEUR_ABSOLUE"
"001786493","07/02/2017 12:00","D85","SO","NUITEES_CAMPING","NUITEES_ETR","A","3","SO","BRUT","VALEUR_ABSOLUE"
"001786442","07/02/2017 12:00","D34","SO","NUITEES_CAMPING","NUITEES_ETR","A","3","SO","BRUT","VALEUR_ABSOLUE"
"001786602","22/06/2017 11:47","R32","SO","NUITEES_RTRH","RES-NUITOT","A","3","SO","BRUT","VALEUR_ABSOLUE"
"001771812","16/03/2017 12:00","D59","SO","NUITEES_HOTEL","HOT-NUITOT_ENS","A","3","SO","BRUT","VALEUR_ABSOLUE"
"001786321","16/03/2017 12:00","D39","SO","NUITEES_HOTEL","NUITEES_ETR","A","3","SO","BRUT","VALEUR_ABSOLUE"
"001711063","05/05/2017 12:00","R21","SO","NUITEES_HOTEL","NUITEES","M","3","FR","BRUT","VALEUR_ABSOLUE"
"001786455","07/02/2017 12:00","D47","SO","NUITEES_CAMPING","NUITEES_ETR","A","3","SO","BRUT","VALEUR_ABSOLUE"
"001757967","16/03/2017 12:00","R93","SO","NUITEES_HOTEL","HOT-NUITOT_ENS","A","3","SO","BRUT","VALEUR_ABSOLUE"
"001786427","07/02/2017 12:00","D2A","SO","NUITEES_CAMPING","NUITEES_ETR","A","3","SO","BRUT","VALEUR_ABSOLUE"
"001711213","16/11/2016 12:00","R93","SO","NUITEES_CAMPING","NUITEES","M","3","FR","BRUT","VALEUR_ABSOLUE"
"001739079","16/11/2016 12:00","R84","SO","ARRIVEES_CAMPING","ARRIVEES","M","3","FR","BRUT","VALEUR_ABSOLUE"
"001771754","16/03/2017 12:00","D02","SO","NUITEES_HOTEL","HOT-NUITOT_ENS","A","3","SO","BRUT","VALEUR_ABSOLUE"
"001771313","07/02/2017 12:00","D62","SO","NUITEES_CAMPING","CPG-NUITOT-ENS","A","3","SO","BRUT","VALEUR_ABSOLUE"
"001786474","07/02/2017 12:00","D66","SO","NUITEES_CAMPING","NUITEES_ETR","A","3","SO","BRUT","VALEUR_ABSOLUE"
"001717319","05/05/2017 12:00","FE","SO","NUITEES_HOTEL","NUITEES","M","3","ENS","BRUT","VALEUR_ABSOLUE"
"001711280","16/11/2016 12:00","R22","SO","ARRIVEES_CAMPING","ARRIVEES","M","3","FR","BRUT","VALEUR_ABSOLUE"
"001711071","05/05/2017 12:00","R31","SO","NUITEES_HOTEL","NUITEES","M","3","FR","BRUT","VALEUR_ABSOLUE"
"001771251","07/02/2017 12:00","D01","SO","NUITEES_CAMPING","CPG-NUITOT-ENS","A","3","SO","BRUT","VALEUR_ABSOLUE"
"001786333","16/03/2017 12:00","D51","SO","NUITEES_HOTEL","NUITEES_ETR","A","3","SO","BRUT","VALEUR_ABSOLUE"
"001771803","16/03/2017 12:00","D50","SO","NUITEES_HOTEL","HOT-NUITOT_ENS","A","3","SO","BRUT","VALEUR_ABSOLUE"
"001739022","05/05/2017 12:00","R32","SO","NUITEES_HOTEL","NUITEES","M","3","ENS","BRUT","VALEUR_ABSOLUE"
"001786445","07/02/2017 12:00","D37","SO","NUITEES_CAMPING","NUITEES_ETR","A","3","SO","BRUT","VALEUR_ABSOLUE"
"001786460","07/02/2017 12:00","D52","SO","NUITEES_CAMPING","NUITEES_ETR","A","3","SO","BRUT","VALEUR_ABSOLUE"
"001739059","05/05/2017 12:00","R76","SO","NUITEES_HOTEL","NUITEES","M","3","ETR","BRUT","VALEUR_ABSOLUE"
"001786440","07/02/2017 12:00","D32","SO","NUITEES_CAMPING","NUITEES_ETR","A","3","SO","BRUT","VALEUR_ABSOLUE"
"001786406","07/02/2017 12:00","R84","SO","NUITEES_CAMPING","NUITEES_ETR","A","3","SO","BRUT","VALEUR_ABSOLUE"
"001771792","16/03/2017 12:00","D39","SO","NUITEES_HOTEL","HOT-NUITOT_ENS","A","3","SO","BRUT","VALEUR_ABSOLUE"
"001759654","07/02/2017 12:00","R52","SO","NUITEES_CAMPING","CPG-NUITOT-ENS","A","3","SO","BRUT","VALEUR_ABSOLUE"
"001711068","05/05/2017 12:00","R74","SO","NUITEES_HOTEL","NUITEES","M","3","FR","BRUT","VALEUR_ABSOLUE"
"001711058","05/05/2017 12:00","R83","SO","NUITEES_HOTEL","NUITEES","M","3","FR","BRUT","VALEUR_ABSOLUE"
"001786317","16/03/2017 12:00","D35","SO","NUITEES_HOTEL","NUITEES_ETR","A","3","SO","BRUT","VALEUR_ABSOLUE"
"001786326","16/03/2017 12:00","D44","SO","NUITEES_HOTEL","NUITEES_ETR","A","3","SO","BRUT","VALEUR_ABSOLUE"
"001786389","07/02/2017 12:00","R52","SO","NUITEES_CAMPING","NUITEES_ETR","A","3","SO","BRUT","VALEUR_ABSOLUE"
"001711284","16/11/2016 12:00","R82","SO","ARRIVEES_CAMPING","ARRIVEES","M","3","FR","BRUT","VALEUR_ABSOLUE"
"001786307","16/03/2017 12:00","D25","SO","NUITEES_HOTEL","NUITEES_ETR","A","3","SO","BRUT","VALEUR_ABSOLUE"
"001757968","16/03/2017 12:00","R94","SO","NUITEES_HOTEL","HOT-NUITOT_ENS","A","3","SO","BRUT","VALEUR_ABSOLUE"
"001786358","16/03/2017 12:00","D76","SO","NUITEES_HOTEL","NUITEES_ETR","A","3","SO","BRUT","VALEUR_ABSOLUE"
"001771770","16/03/2017 12:00","D18","SO","NUITEES_HOTEL","HOT-NUITOT_ENS","A","3","SO","BRUT","VALEUR_ABSOLUE"
"001786459","07/02/2017 12:00","D51","SO","NUITEES_CAMPING","NUITEES_ETR","A","3","SO","BRUT","VALEUR_ABSOLUE"
"001711217","16/11/2016 12:00","R72","SO","NUITEES_CAMPING","NUITEES","M","3","ETR","BRUT","VALEUR_ABSOLUE"
"001739050","05/05/2017 12:00","R75","SO","ARRIVEES_HOTEL","ARRIVEES","M","3","ETR","BRUT","VALEUR_ABSOLUE"
"001786471","07/02/2017 12:00","D63","SO","NUITEES_CAMPING","NUITEES_ETR","A","3","SO","BRUT","VALEUR_ABSOLUE"
"001771339","07/02/2017 12:00","D88","SO","NUITEES_CAMPING","CPG-NUITOT-ENS","A","3","SO","BRUT","VALEUR_ABSOLUE"
"001739074","05/05/2017 12:00","R84","SO","ARRIVEES_HOTEL","ARRIVEES","M","3","ETR","BRUT","VALEUR_ABSOLUE"
"001786348","16/03/2017 12:00","D66","SO","NUITEES_HOTEL","NUITEES_ETR","A","3","SO","BRUT","VALEUR_ABSOLUE"
"001786354","21/04/2017 12:00","D72","SO","NUITEES_HOTEL","NUITEES_ETR","A","3","SO","BRUT","VALEUR_ABSOLUE"
"001711288","16/11/2016 12:00","R83","SO","ARRIVEES_CAMPING","ARRIVEES","M","3","ETR","BRUT","VALEUR_ABSOLUE"
"001711178","16/11/2016 12:00","R94","SO","NUITEES_CAMPING","NUITEES","M","3","ENS","BRUT","VALEUR_ABSOLUE"
"001771316","07/02/2017 12:00","D65","SO","NUITEES_CAMPING","CPG-NUITOT-ENS","A","3","SO","BRUT","VALEUR_ABSOLUE"
"001786404","07/02/2017 12:00","R75","SO","NUITEES_CAMPING","NUITEES_ETR","A","3","SO","BRUT","VALEUR_ABSOLUE"
"001786577","22/06/2017 11:47","R44","SO","NUITEES_AHCT","AHCT-NUITOT","A","3","SO","BRUT","VALEUR_ABSOLUE"
"001739046","05/05/2017 12:00","R75","SO","NUITEES_HOTEL","NUITEES","M","3","FR","BRUT","VALEUR_ABSOLUE"
"001771816","16/03/2017 12:00","D63","SO","NUITEES_HOTEL","HOT-NUITOT_ENS","A","3","SO","BRUT","VALEUR_ABSOLUE"
"001711073","05/05/2017 12:00","R22","SO","NUITEES_HOTEL","NUITEES","M","3","FR","BRUT","VALEUR_ABSOLUE"
"001786450","07/02/2017 12:00","D42","SO","NUITEES_CAMPING","NUITEES_ETR","A","3","SO","BRUT","VALEUR_ABSOLUE"
"001711227","16/11/2016 12:00","R11","SO","NUITEES_CAMPING","NUITEES","M","3","ETR","BRUT","VALEUR_ABSOLUE"
"001739031","16/11/2016 12:00","R32","SO","ARRIVEES_CAMPING","ARRIVEES","M","3","FR","BRUT","VALEUR_ABSOLUE"
"001771310","07/02/2017 12:00","D59","SO","NUITEES_CAMPING","CPG-NUITOT-ENS","A","3","SO","BRUT","VALEUR_ABSOLUE"
"001786272","16/03/2017 12:00","R93","SO","NUITEES_HOTEL","NUITEES_ETR","A","3","SO","BRUT","VALEUR_ABSOLUE"
"001711142","05/05/2017 12:00","R22","SO","ARRIVEES_HOTEL","ARRIVEES","M","3","FR","BRUT","VALEUR_ABSOLUE"
"001786403","07/02/2017 12:00","R44","SO","NUITEES_CAMPING","NUITEES_ETR","A","3","SO","BRUT","VALEUR_ABSOLUE"
"001771763","16/03/2017 12:00","D11","SO","NUITEES_HOTEL","HOT-NUITOT_ENS","A","3","SO","BRUT","VALEUR_ABSOLUE"
"001711172","16/11/2016 12:00","R83","SO","NUITEES_CAMPING","NUITEES","M","3","ENS","BRUT","VALEUR_ABSOLUE"
"001786423","07/02/2017 12:00","D16","SO","NUITEES_CAMPING","NUITEES_ETR","A","3","SO","BRUT","VALEUR_ABSOLUE"
"001771762","16/03/2017 12:00","D10","SO","NUITEES_HOTEL","HOT-NUITOT_ENS","A","3","SO","BRUT","VALEUR_ABSOLUE"
"001711062","05/05/2017 12:00","R24","SO","NUITEES_HOTEL","NUITEES","M","3","FR","BRUT","VALEUR_ABSOLUE"
"001771845","16/03/2017 12:00","D92","SO","NUITEES_HOTEL","HOT-NUITOT_ENS","A","3","SO","BRUT","VALEUR_ABSOLUE"
"001711240","16/11/2016 12:00","R72","SO","ARRIVEES_CAMPING","ARRIVEES","M","3","ENS","BRUT","VALEUR_ABSOLUE"
"001739027","16/11/2016 12:00","R32","SO","NUITEES_CAMPING","NUITEES","M","3","ENS","BRUT","VALEUR_ABSOLUE"
"001711045","05/05/2017 12:00","R74","SO","NUITEES_HOTEL","NUITEES","M","3","ENS","BRUT","VALEUR_ABSOLUE"
"001786366","16/03/2017 12:00","D84","SO","NUITEES_HOTEL","NUITEES_ETR","A","3","SO","BRUT","VALEUR_ABSOLUE"
"001786464","07/02/2017 12:00","D56","SO","NUITEES_CAMPING","NUITEES_ETR","A","3","SO","BRUT","VALEUR_ABSOLUE"
"001757947","16/03/2017 12:00","R11","SO","NUITEES_HOTEL","HOT-NUITOT_ENS","A","3","SO","BRUT","VALEUR_ABSOLUE"
"001739039","16/11/2016 12:00","R44","SO","NUITEES_CAMPING","NUITEES","M","3","ENS","BRUT","VALEUR_ABSOLUE"
"001711130","05/05/2017 12:00","R24","SO","ARRIVEES_HOTEL","ARRIVEES","M","3","FR","BRUT","VALEUR_ABSOLUE"
"001711050","05/05/2017 12:00","R22","SO","NUITEES_HOTEL","NUITEES","M","3","ENS","BRUT","VALEUR_ABSOLUE"
"001711089","05/05/2017 12:00","R11","SO","NUITEES_HOTEL","NUITEES","M","3","ETR","BRUT","VALEUR_ABSOLUE"
"001711239","16/11/2016 12:00","R42","SO","ARRIVEES_CAMPING","ARRIVEES","M","3","ENS","BRUT","VALEUR_ABSOLUE"
"001786356","16/03/2017 12:00","D74","SO","NUITEES_HOTEL","NUITEES_ETR","A","3","SO","BRUT","VALEUR_ABSOLUE"
"001771760","16/03/2017 12:00","D08","SO","NUITEES_HOTEL","HOT-NUITOT_ENS","A","3","SO","BRUT","VALEUR_ABSOLUE"
"001711175","07/02/2017 12:00","R53","SO","NUITEES_CAMPING","NUITEES","M","3","ENS","BRUT","VALEUR_ABSOLUE"
"001711195","16/11/2016 12:00","R72","SO","NUITEES_CAMPING","NUITEES","M","3","FR","BRUT","VALEUR_ABSOLUE"
"001711192","16/11/2016 12:00","R82","SO","NUITEES_CAMPING","NUITEES","M","3","ENS","BRUT","VALEUR_ABSOLUE"
"001711193","07/02/2017 12:00","FM","SO","NUITEES_CAMPING","NUITEES","M","3","ENS","BRUT","VALEUR_ABSOLUE"
"001771833","16/03/2017 12:00","D80","SO","NUITEES_HOTEL","HOT-NUITOT_ENS","A","3","SO","BRUT","VALEUR_ABSOLUE"
"001711076","05/05/2017 12:00","R82","SO","NUITEES_HOTEL","NUITEES","M","3","FR","BRUT","VALEUR_ABSOLUE"
"001711046","05/05/2017 12:00","R41","SO","NUITEES_HOTEL","NUITEES","M","3","ENS","BRUT","VALEUR_ABSOLUE"
"001739051","16/11/2016 12:00","R75","SO","NUITEES_CAMPING","NUITEES","M","3","ENS","BRUT","VALEUR_ABSOLUE"
"001786377","16/03/2017 12:00","D95","SO","NUITEES_HOTEL","NUITEES_ETR","A","3","SO","BRUT","VALEUR_ABSOLUE"
"001759640","07/02/2017 12:00","R11","SO","NUITEES_CAMPING","CPG-NUITOT-ENS","A","3","SO","BRUT","VALEUR_ABSOLUE"
"001759655","07/02/2017 12:00","R53","SO","NUITEES_CAMPING","CPG-NUITOT-ENS","A","3","SO","BRUT","VALEUR_ABSOLUE"
"001771261","07/02/2017 12:00","D11","SO","NUITEES_CAMPING","CPG-NUITOT-ENS","A","3","SO","BRUT","VALEUR_ABSOLUE"
"001738997","05/05/2017 12:00","R27","SO","NUITEES_HOTEL","NUITEES","M","3","ENS","BRUT","VALEUR_ABSOLUE"
"001711067","05/05/2017 12:00","R91","SO","NUITEES_HOTEL","NUITEES","M","3","FR","BRUT","VALEUR_ABSOLUE"
"001762101","16/03/2017 12:00","FM","SO","NUITEES_HOTEL","HOT-NUITOT_ENS","A","3","SO","BRUT","VALEUR_ABSOLUE"
"001786351","16/03/2017 12:00","D69","SO","NUITEES_HOTEL","NUITEES_ETR","A","3","SO","BRUT","VALEUR_ABSOLUE"
"001739076","16/11/2016 12:00","R84","SO","NUITEES_CAMPING","NUITEES","M","3","FR","BRUT","VALEUR_ABSOLUE"
"001771270","07/02/2017 12:00","D2A","SO","NUITEES_CAMPING","CPG-NUITOT-ENS","A","3","SO","BRUT","VALEUR_ABSOLUE"
"001711267","07/02/2017 12:00","R53","SO","ARRIVEES_CAMPING","ARRIVEES","M","3","FR","BRUT","VALEUR_ABSOLUE"
"001711235","16/11/2016 12:00","R54","SO","NUITEES_CAMPING","NUITEES","M","3","ETR","BRUT","VALEUR_ABSOLUE"
"001711081","05/05/2017 12:00","R25","SO","NUITEES_HOTEL","NUITEES","M","3","ETR","BRUT","VALEUR_ABSOLUE"
"001771798","16/03/2017 12:00","D45","SO","NUITEES_HOTEL","HOT-NUITOT_ENS","A","3","SO","BRUT","VALEUR_ABSOLUE"
"001771761","16/03/2017 12:00","D09","SO","NUITEES_HOTEL","HOT-NUITOT_ENS","A","3","SO","BRUT","VALEUR_ABSOLUE"
"001711276","16/11/2016 12:00","R41","SO","ARRIVEES_CAMPING","ARRIVEES","M","3","FR","BRUT","VALEUR_ABSOLUE"
"001711282","16/11/2016 12:00","R54","SO","ARRIVEES_CAMPING","ARRIVEES","M","3","FR","BRUT","VALEUR_ABSOLUE"
"001711194","16/11/2016 12:00","R42","SO","NUITEES_CAMPING","NUITEES","M","3","FR","BRUT","VALEUR_ABSOLUE"
"001786606","22/06/2017 11:47","R44","SO","NUITEES_RTRH","RES-NUITOT","A","3","SO","BRUT","VALEUR_ABSOLUE"
"001786561","22/06/2017 11:47","FM","SO","NUITEES_AHCT","AHCT-NUITOT","A","3","SO","BRUT","VALEUR_ABSOLUE"
"001771778","16/03/2017 12:00","D27","SO","NUITEES_HOTEL","HOT-NUITOT_ENS","A","3","SO","BRUT","VALEUR_ABSOLUE"
"001711119","05/05/2017 12:00","R22","SO","ARRIVEES_HOTEL","ARRIVEES","M","3","ENS","BRUT","VALEUR_ABSOLUE"
"001711070","05/05/2017 12:00","R73","SO","NUITEES_HOTEL","NUITEES","M","3","FR","BRUT","VALEUR_ABSOLUE"
"001786584","22/06/2017 11:47","R75","SO","NUITEES_AHCT","AHCT-NUITOT","A","3","SO","BRUT","VALEUR_ABSOLUE"
"001711219","16/11/2016 12:00","R25","SO","NUITEES_CAMPING","NUITEES","M","3","ETR","BRUT","VALEUR_ABSOLUE"
"001759660","07/02/2017 12:00","R75","SO","NUITEES_CAMPING","CPG-NUITOT-ENS","A","3","SO","BRUT","VALEUR_ABSOLUE"
"001711251","16/11/2016 12:00","R91","SO","ARRIVEES_CAMPING","ARRIVEES","M","3","ENS","BRUT","VALEUR_ABSOLUE"
"001711123","05/05/2017 12:00","FM","SO","ARRIVEES_HOTEL","ARRIVEES","M","3","ENS","BRUT","VALEUR_ABSOLUE"
"001711233","16/11/2016 12:00","R52","SO","NUITEES_CAMPING","NUITEES","M","3","ETR","BRUT","VALEUR_ABSOLUE"
"001711047","05/05/2017 12:00","R73","SO","NUITEES_HOTEL","NUITEES","M","3","ENS","BRUT","VALEUR_ABSOLUE"
"001771835","16/03/2017 12:00","D82","SO","NUITEES_HOTEL","HOT-NUITOT_ENS","A","3","SO","BRUT","VALEUR_ABSOLUE"
"001711228","16/11/2016 12:00","R91","SO","NUITEES_CAMPING","NUITEES","M","3","ETR","BRUT","VALEUR_ABSOLUE"
"001711037","05/05/2017 12:00","R53","SO","NUITEES_HOTEL","NUITEES","M","3","ENS","BRUT","VALEUR_ABSOLUE"
"001771254","07/02/2017 12:00","D04","SO","NUITEES_CAMPING","CPG-NUITOT-ENS","A","3","SO","BRUT","VALEUR_ABSOLUE"
"001711202","16/11/2016 12:00","R43","SO","NUITEES_CAMPING","NUITEES","M","3","FR","BRUT","VALEUR_ABSOLUE"
"001739038","05/05/2017 12:00","R44","SO","ARRIVEES_HOTEL","ARRIVEES","M","3","ETR","BRUT","VALEUR_ABSOLUE"
"001786309","21/04/2017 12:00","D27","SO","NUITEES_HOTEL","NUITEES_ETR","A","3","SO","BRUT","VALEUR_ABSOLUE"
"001786448","07/02/2017 12:00","D40","SO","NUITEES_CAMPING","NUITEES_ETR","A","3","SO","BRUT","VALEUR_ABSOLUE"
"001739068","16/11/2016 12:00","R76","SO","ARRIVEES_CAMPING","ARRIVEES","M","3","ETR","BRUT","VALEUR_ABSOLUE"
"001711302","16/11/2016 12:00","R52","SO","ARRIVEES_CAMPING","ARRIVEES","M","3","ETR","BRUT","VALEUR_ABSOLUE"
"001757951","16/03/2017 12:00","R24","SO","NUITEES_HOTEL","HOT-NUITOT_ENS","A","3","SO","BRUT","VALEUR_ABSOLUE"
"001786299","16/03/2017 12:00","D18","SO","NUITEES_HOTEL","NUITEES_ETR","A","3","SO","BRUT","VALEUR_ABSOLUE"
"001711216","16/11/2016 12:00","R42","SO","NUITEES_CAMPING","NUITEES","M","3","ETR","BRUT","VALEUR_ABSOLUE"
"001786402","07/02/2017 12:00","R32","SO","NUITEES_CAMPING","NUITEES_ETR","A","3","SO","BRUT","VALEUR_ABSOLUE"
"001711218","16/11/2016 12:00","R83","SO","NUITEES_CAMPING","NUITEES","M","3","ETR","BRUT","VALEUR_ABSOLUE"
"001717321","05/05/2017 12:00","FE","SO","NUITEES_HOTEL","NUITEES","M","3","FR","BRUT","VALEUR_ABSOLUE"
"001771829","16/03/2017 12:00","D76","SO","NUITEES_HOTEL","HOT-NUITOT_ENS","A","3","SO","BRUT","VALEUR_ABSOLUE"
"001711197","16/11/2016 12:00","R25","SO","NUITEES_CAMPING","NUITEES","M","3","FR","BRUT","VALEUR_ABSOLUE"
"001711083","05/05/2017 12:00","R53","SO","NUITEES_HOTEL","NUITEES","M","3","ETR","BRUT","VALEUR_ABSOLUE"
"001786567","22/06/2017 11:47","R24","SO","NUITEES_AHCT","AHCT-NUITOT","A","3","SO","BRUT","VALEUR_ABSOLUE"
"001711207","16/11/2016 12:00","R41","SO","NUITEES_CAMPING","NUITEES","M","3","FR","BRUT","VALEUR_ABSOLUE"
"001711059","05/05/2017 12:00","R25","SO","NUITEES_HOTEL","NUITEES","M","3","FR","BRUT","VALEUR_ABSOLUE"
"001711074","05/05/2017 12:00","R54","SO","NUITEES_HOTEL","NUITEES","M","3","FR","BRUT","VALEUR_ABSOLUE"
"001771784","16/03/2017 12:00","D34","SO","NUITEES_HOTEL","HOT-NUITOT_ENS","A","3","SO","BRUT","VALEUR_ABSOLUE"
"001771323","07/02/2017 12:00","D72","SO","NUITEES_CAMPING","CPG-NUITOT-ENS","A","3","SO","BRUT","VALEUR_ABSOLUE"
"001711198","16/11/2016 12:00","R26","SO","NUITEES_CAMPING","NUITEES","M","3","FR","BRUT","VALEUR_ABSOLUE"
"001771263","07/02/2017 12:00","D13","SO","NUITEES_CAMPING","CPG-NUITOT-ENS","A","3","SO","BRUT","VALEUR_ABSOLUE"
"001711272","16/11/2016 12:00","R23","SO","ARRIVEES_CAMPING","ARRIVEES","M","3","FR","BRUT","VALEUR_ABSOLUE"
"001771819","16/03/2017 12:00","D66","SO","NUITEES_HOTEL","HOT-NUITOT_ENS","A","3","SO","BRUT","VALEUR_ABSOLUE"
"001739035","05/05/2017 12:00","R44","SO","NUITEES_HOTEL","NUITEES","M","3","ETR","BRUT","VALEUR_ABSOLUE"
"001739014","05/05/2017 12:00","R28","SO","ARRIVEES_HOTEL","ARRIVEES","M","3","FR","BRUT","VALEUR_ABSOLUE"
"001771839","16/03/2017 12:00","D86","SO","NUITEES_HOTEL","HOT-NUITOT_ENS","A","3","SO","BRUT","VALEUR_ABSOLUE"
"001711048","05/05/2017 12:00","R31","SO","NUITEES_HOTEL","NUITEES","M","3","ENS","BRUT","VALEUR_ABSOLUE"
"001786497","07/02/2017 12:00","D88","SO","NUITEES_CAMPING","NUITEES_ETR","A","3","SO","BRUT","VALEUR_ABSOLUE"
"001711064","05/05/2017 12:00","R43","SO","NUITEES_HOTEL","NUITEES","M","3","FR","BRUT","VALEUR_ABSOLUE"
"001786591","22/06/2017 11:47","FM","SO","NUITEES_RTRH","RES-NUITOT","A","3","SO","BRUT","VALEUR_ABSOLUE"
"001771799","16/03/2017 12:00","D46","SO","NUITEES_HOTEL","HOT-NUITOT_ENS","A","3","SO","BRUT","VALEUR_ABSOLUE"
"001771296","07/02/2017 12:00","D45","SO","NUITEES_CAMPING","CPG-NUITOT-ENS","A","3","SO","BRUT","VALEUR_ABSOLUE"
"001771768","16/03/2017 12:00","D16","SO","NUITEES_HOTEL","HOT-NUITOT_ENS","A","3","SO","BRUT","VALEUR_ABSOLUE"
"001739012","05/05/2017 12:00","R28","SO","NUITEES_HOTEL","NUITEES","M","3","ETR","BRUT","VALEUR_ABSOLUE"
"001711208","16/11/2016 12:00","R73","SO","NUITEES_CAMPING","NUITEES","M","3","FR","BRUT","VALEUR_ABSOLUE"
"001759649","07/02/2017 12:00","R32","SO","NUITEES_CAMPING","CPG-NUITOT-ENS","A","3","SO","BRUT","VALEUR_ABSOLUE"
"001711184","16/11/2016 12:00","R41","SO","NUITEES_CAMPING","NUITEES","M","3","ENS","BRUT","VALEUR_ABSOLUE"
"001711201","16/11/2016 12:00","R94","SO","NUITEES_CAMPING","NUITEES","M","3","FR","BRUT","VALEUR_ABSOLUE"
"001762102","07/02/2017 12:00","FM","SO","NUITEES_CAMPING","CPG-NUITOT-ENS","A","3","SO","BRUT","VALEUR_ABSOLUE"
"001786320","16/03/2017 12:00","D38","SO","NUITEES_HOTEL","NUITEES_ETR","A","3","SO","BRUT","VALEUR_ABSOLUE"
"001771303","07/02/2017 12:00","D52","SO","NUITEES_CAMPING","CPG-NUITOT-ENS","A","3","SO","BRUT","VALEUR_ABSOLUE"
"001786441","07/02/2017 12:00","D33","SO","NUITEES_CAMPING","NUITEES_ETR","A","3","SO","BRUT","VALEUR_ABSOLUE"
"001739062","05/05/2017 12:00","R76","SO","ARRIVEES_HOTEL","ARRIVEES","M","3","ETR","BRUT","VALEUR_ABSOLUE"
"001711052","05/05/2017 12:00","R93","SO","NUITEES_HOTEL","NUITEES","M","3","ENS","BRUT","VALEUR_ABSOLUE"
"001711220","16/11/2016 12:00","R26","SO","NUITEES_CAMPING","NUITEES","M","3","ETR","BRUT","VALEUR_ABSOLUE"
"001711234","16/11/2016 12:00","R22","SO","NUITEES_CAMPING","NUITEES","M","3","ETR","BRUT","VALEUR_ABSOLUE"
"001711042","05/05/2017 12:00","R23","SO","NUITEES_HOTEL","NUITEES","M","3","ENS","BRUT","VALEUR_ABSOLUE"
"001711043","05/05/2017 12:00","R11","SO","NUITEES_HOTEL","NUITEES","M","3","ENS","BRUT","VALEUR_ABSOLUE"
"001771764","16/03/2017 12:00","D12","SO","NUITEES_HOTEL","HOT-NUITOT_ENS","A","3","SO","BRUT","VALEUR_ABSOLUE"
"001711147","05/05/2017 12:00","R42","SO","ARRIVEES_HOTEL","ARRIVEES","M","3","ETR","BRUT","VALEUR_ABSOLUE"
"001717316","05/05/2017 12:00","DOM","SO","NUITEES_HOTEL","NUITEES","M","3","ENS","BRUT","VALEUR_ABSOLUE"
"001711177","16/11/2016 12:00","R21","SO","NUITEES_CAMPING","NUITEES","M","3","ENS","BRUT","VALEUR_ABSOLUE"
"001786498","07/02/2017 12:00","D89","SO","NUITEES_CAMPING","NUITEES_ETR","A","3","SO","BRUT","VALEUR_ABSOLUE"
"001711209","16/11/2016 12:00","R31","SO","NUITEES_CAMPING","NUITEES","M","3","FR","BRUT","VALEUR_ABSOLUE"
"001711241","16/11/2016 12:00","R83","SO","ARRIVEES_CAMPING","ARRIVEES","M","3","ENS","BRUT","VALEUR_ABSOLUE"
"001771282","07/02/2017 12:00","D31","SO","NUITEES_CAMPING","CPG-NUITOT-ENS","A","3","SO","BRUT","VALEUR_ABSOLUE"
"001711158","05/05/2017 12:00","R11","SO","ARRIVEES_HOTEL","ARRIVEES","M","3","ETR","BRUT","VALEUR_ABSOLUE"
"001786364","16/03/2017 12:00","D82","SO","NUITEES_HOTEL","NUITEES_ETR","A","3","SO","BRUT","VALEUR_ABSOLUE"
"001739057","05/05/2017 12:00","R76","SO","NUITEES_HOTEL","NUITEES","M","3","ENS","BRUT","VALEUR_ABSOLUE"
"001786308","16/03/2017 12:00","D26","SO","NUITEES_HOTEL","NUITEES_ETR","A","3","SO","BRUT","VALEUR_ABSOLUE"
"001739006","16/11/2016 12:00","R27","SO","NUITEES_CAMPING","NUITEES","M","3","ETR","BRUT","VALEUR_ABSOLUE"
"001711091","05/05/2017 12:00","R74","SO","NUITEES_HOTEL","NUITEES","M","3","ETR","BRUT","VALEUR_ABSOLUE"
"001786376","16/03/2017 12:00","D94","SO","NUITEES_HOTEL","NUITEES_ETR","A","3","SO","BRUT","VALEUR_ABSOLUE"
"001771295","07/02/2017 12:00","D44","SO","NUITEES_CAMPING","CPG-NUITOT-ENS","A","3","SO","BRUT","VALEUR_ABSOLUE"
"001771266","07/02/2017 12:00","D16","SO","NUITEES_CAMPING","CPG-NUITOT-ENS","A","3","SO","BRUT","VALEUR_ABSOLUE"
"001711149","05/05/2017 12:00","R83","SO","ARRIVEES_HOTEL","ARRIVEES","M","3","ETR","BRUT","VALEUR_ABSOLUE"
"001711205","16/11/2016 12:00","R91","SO","NUITEES_CAMPING","NUITEES","M","3","FR","BRUT","VALEUR_ABSOLUE"
"001786278","16/03/2017 12:00","R75","SO","NUITEES_HOTEL","NUITEES_ETR","A","3","SO","BRUT","VALEUR_ABSOLUE"
"001786400","07/02/2017 12:00","R27","SO","NUITEES_CAMPING","NUITEES_ETR","A","3","SO","BRUT","VALEUR_ABSOLUE"
"001771305","07/02/2017 12:00","D54","SO","NUITEES_CAMPING","CPG-NUITOT-ENS","A","3","SO","BRUT","VALEUR_ABSOLUE"
"001771817","16/03/2017 12:00","D64","SO","NUITEES_HOTEL","HOT-NUITOT_ENS","A","3","SO","BRUT","VALEUR_ABSOLUE"
"001711221","07/02/2017 12:00","R53","SO","NUITEES_CAMPING","NUITEES","M","3","ETR","BRUT","VALEUR_ABSOLUE"
"001739015","05/05/2017 12:00","R28","SO","ARRIVEES_HOTEL","ARRIVEES","M","3","ETR","BRUT","VALEUR_ABSOLUE"
"001711151","05/05/2017 12:00","R26","SO","ARRIVEES_HOTEL","ARRIVEES","M","3","ETR","BRUT","VALEUR_ABSOLUE"
"001786478","07/02/2017 12:00","D70","SO","NUITEES_CAMPING","NUITEES_ETR","A","3","SO","BRUT","VALEUR_ABSOLUE"
"001711054","05/05/2017 12:00","R82","SO","NUITEES_HOTEL","NUITEES","M","3","ENS","BRUT","VALEUR_ABSOLUE"
"001739061","05/05/2017 12:00","R76","SO","ARRIVEES_HOTEL","ARRIVEES","M","3","FR","BRUT","VALEUR_ABSOLUE"
"001711057","05/05/2017 12:00","R72","SO","NUITEES_HOTEL","NUITEES","M","3","FR","BRUT","VALEUR_ABSOLUE"
"001757970","16/03/2017 12:00","R32","SO","NUITEES_HOTEL","HOT-NUITOT_ENS","A","3","SO","BRUT","VALEUR_ABSOLUE"
"001711066","05/05/2017 12:00","R11","SO","NUITEES_HOTEL","NUITEES","M","3","FR","BRUT","VALEUR_ABSOLUE"
"001711214","16/11/2016 12:00","R82","SO","NUITEES_CAMPING","NUITEES","M","3","FR","BRUT","VALEUR_ABSOLUE"
"001786289","21/04/2017 12:00","D08","SO","NUITEES_HOTEL","NUITEES_ETR","A","3","SO","BRUT","VALEUR_ABSOLUE"
"001786578","22/06/2017 11:47","R52","SO","NUITEES_AHCT","AHCT-NUITOT","A","3","SO","BRUT","VALEUR_ABSOLUE"
"001771262","07/02/2017 12:00","D12","SO","NUITEES_CAMPING","CPG-NUITOT-ENS","A","3","SO","BRUT","VALEUR_ABSOLUE"
"001711166","05/05/2017 12:00","R54","SO","ARRIVEES_HOTEL","ARRIVEES","M","3","ETR","BRUT","VALEUR_ABSOLUE"
"001711237","16/11/2016 12:00","R82","SO","NUITEES_CAMPING","NUITEES","M","3","ETR","BRUT","VALEUR_ABSOLUE"
"001711131","05/05/2017 12:00","R21","SO","ARRIVEES_HOTEL","ARRIVEES","M","3","FR","BRUT","VALEUR_ABSOLUE"
"001771277","07/02/2017 12:00","D25","SO","NUITEES_CAMPING","CPG-NUITOT-ENS","A","3","SO","BRUT","VALEUR_ABSOLUE"
"001711277","16/11/2016 12:00","R73","SO","ARRIVEES_CAMPING","ARRIVEES","M","3","FR","BRUT","VALEUR_ABSOLUE"
"001771804","16/03/2017 12:00","D51","SO","NUITEES_HOTEL","HOT-NUITOT_ENS","A","3","SO","BRUT","VALEUR_ABSOLUE"
"001786409","07/02/2017 12:00","D02","SO","NUITEES_CAMPING","NUITEES_ETR","A","3","SO","BRUT","VALEUR_ABSOLUE"
"001786291","16/03/2017 12:00","D10","SO","NUITEES_HOTEL","NUITEES_ETR","A","3","SO","BRUT","VALEUR_ABSOLUE"
"001739045","05/05/2017 12:00","R75","SO","NUITEES_HOTEL","NUITEES","M","3","ENS","BRUT","VALEUR_ABSOLUE"
"001786336","16/03/2017 12:00","D54","SO","NUITEES_HOTEL","NUITEES_ETR","A","3","SO","BRUT","VALEUR_ABSOLUE"
"001739040","16/11/2016 12:00","R44","SO","NUITEES_CAMPING","NUITEES","M","3","FR","BRUT","VALEUR_ABSOLUE"
"001711287","16/11/2016 12:00","R72","SO","ARRIVEES_CAMPING","ARRIVEES","M","3","ETR","BRUT","VALEUR_ABSOLUE"
"001771790","16/03/2017 12:00","D37","SO","NUITEES_HOTEL","HOT-NUITOT_ENS","A","3","SO","BRUT","VALEUR_ABSOLUE"
"001739029","16/11/2016 12:00","R32","SO","NUITEES_CAMPING","NUITEES","M","3","ETR","BRUT","VALEUR_ABSOLUE"
"001711044","05/05/2017 12:00","R91","SO","NUITEES_HOTEL","NUITEES","M","3","ENS","BRUT","VALEUR_ABSOLUE"
"001786318","16/03/2017 12:00","D36","SO","NUITEES_HOTEL","NUITEES_ETR","A","3","SO","BRUT","VALEUR_ABSOLUE"
"001711169","05/05/2017 12:00","FM","SO","ARRIVEES_HOTEL","ARRIVEES","M","3","ETR","BRUT","VALEUR_ABSOLUE"
"001771333","07/02/2017 12:00","D82","SO","NUITEES_CAMPING","CPG-NUITOT-ENS","A","3","SO","BRUT","VALEUR_ABSOLUE"
"001771785","16/03/2017 12:00","D31","SO","NUITEES_HOTEL","HOT-NUITOT_ENS","A","3","SO","BRUT","VALEUR_ABSOLUE"
"001711102","05/05/2017 12:00","R72","SO","ARRIVEES_HOTEL","ARRIVEES","M","3","ENS","BRUT","VALEUR_ABSOLUE"
"001711120","05/05/2017 12:00","R54","SO","ARRIVEES_HOTEL","ARRIVEES","M","3","ENS","BRUT","VALEUR_ABSOLUE"
"001711254","16/11/2016 12:00","R73","SO","ARRIVEES_CAMPING","ARRIVEES","M","3","ENS","BRUT","VALEUR_ABSOLUE"
"001711269","16/11/2016 12:00","R21","SO","ARRIVEES_CAMPING","ARRIVEES","M","3","FR","BRUT","VALEUR_ABSOLUE"
"001711117","05/05/2017 12:00","R31","SO","ARRIVEES_HOTEL","ARRIVEES","M","3","ENS","BRUT","VALEUR_ABSOLUE"
"001711136","05/05/2017 12:00","R91","SO","ARRIVEES_HOTEL","ARRIVEES","M","3","FR","BRUT","VALEUR_ABSOLUE"
"001711124","05/05/2017 12:00","R42","SO","ARRIVEES_HOTEL","ARRIVEES","M","3","FR","BRUT","VALEUR_ABSOLUE"
"001711101","05/05/2017 12:00","R42","SO","ARRIVEES_HOTEL","ARRIVEES","M","3","ENS","BRUT","VALEUR_ABSOLUE"
"001711256","16/11/2016 12:00","R52","SO","ARRIVEES_CAMPING","ARRIVEES","M","3","ENS","BRUT","VALEUR_ABSOLUE"
"001711127","05/05/2017 12:00","R25","SO","ARRIVEES_HOTEL","ARRIVEES","M","3","FR","BRUT","VALEUR_ABSOLUE"
"001711253","16/11/2016 12:00","R41","SO","ARRIVEES_CAMPING","ARRIVEES","M","3","ENS","BRUT","VALEUR_ABSOLUE"
"001711265","16/11/2016 12:00","R25","SO","ARRIVEES_CAMPING","ARRIVEES","M","3","FR","BRUT","VALEUR_ABSOLUE"
"001739030","16/11/2016 12:00","R32","SO","ARRIVEES_CAMPING","ARRIVEES","M","3","ENS","BRUT","VALEUR_ABSOLUE"
"001739043","16/11/2016 12:00","R44","SO","ARRIVEES_CAMPING","ARRIVEES","M","3","FR","BRUT","VALEUR_ABSOLUE"
"001739036","05/05/2017 12:00","R44","SO","ARRIVEES_HOTEL","ARRIVEES","M","3","ENS","BRUT","VALEUR_ABSOLUE"
"001711110","05/05/2017 12:00","R43","SO","ARRIVEES_HOTEL","ARRIVEES","M","3","ENS","BRUT","VALEUR_ABSOLUE"
"001711105","05/05/2017 12:00","R26","SO","ARRIVEES_HOTEL","ARRIVEES","M","3","ENS","BRUT","VALEUR_ABSOLUE"
"001739025","05/05/2017 12:00","R32","SO","ARRIVEES_HOTEL","ARRIVEES","M","3","ENS","BRUT","VALEUR_ABSOLUE"
"001711263","16/11/2016 12:00","R72","SO","ARRIVEES_CAMPING","ARRIVEES","M","3","FR","BRUT","VALEUR_ABSOLUE"
""
"Q","Couvert par le secret statistique"
"E","Estimation"
"F","Prévision"
"P","Provisoire"
"SD","Valeur semi-définitive"
"R","Révision"
"A","Valeur normale"
"N","Valeur non significative"
"O","Valeur manquante"
"U","Valeur atypique"
